,Character,Radical,CharFreq,Radicals,TokenIDs,Length,First,Token_family,Radical_family,List_both,Both_len,List_radical,Radical_len,List_token,Token_len,List_neither,Pair_both,Pair_token,Pair_radical,Pair_neither
0,雍,隹,1.492769255626896,"('隹',)","[5546, 235]",2,5546,8,13,"['雏', '雌', '雇', '雁']",4,"['隼', '隽']",2,"['雾', '雹', '雳']",3,"['朽', '圪', '邂', '阈', '阉', '骛', '缢', '矾', '骄', '阙', '缛', '勺', '朵', '阔', '骋', '缠', '朴', '邓', '圄', '犊', '臾', '缸', '勃', '骼', '屡', '髑', '屠', '缪', '缮', '勾', '阱', '阐', '骷', '屐', '髅', '缱', '朲', '矍', '屈', '缅', '缆', '骐', '犷', '骡', '邵', '隙', '勉', '缚', '犁', '髦', '缥', '骏', '隋', '矽', '犒', '屌', '勘', '缝', '臼', '矗', '犀', '邹', '臊', '朔', '阄', '臆', '朕', '缤', '髻', '圃', '缨', '髋', '缜', '骸', '臃', '骁', '阎', '邱', '邢', '缄', '骆', '骥', '缰', '缭', '隘', '邸', '屄', '骜', '屹', '缀', '骂', '邋', '屿']",雌,雳,隽,骏
1,勘,力,0.6756957869461895,"('力',)","[9997, 246]",2,9997,6,25,"['勃', '勉', '勋']",3,"['劫', '劝', '劣', '劵', '劾']",5,"['勾', '勺']",2,"['骡', '阄', '骶', '缰', '邵', '邂', '缔', '圪', '邸', '阙', '屄', '骜', '缱', '邓', '邢', '骆', '缆', '骂', '犷', '朦', '髋', '雾', '屡', '阑', '邹', '雍', '朽', '隽', '臼', '骋', '朕', '屠', '缜', '隘', '犊', '缨', '骼', '雏', '缛', '隅', '圃', '臃', '邋', '臆', '隙', '骄', '朵', '屿', '隼', '矍', '朴', '屉', '朲', '屈', '臊', '雁', '屌', '缉', '缥', '髌', '犁', '犒', '骐', '矽', '阀', '髦', '雇', '骛', '缢', '骸', '缎', '圭', '阐', '缸', '阮', '邱', '骏', '屑', '缪', '圄', '缄', '骝', '骷', '阂', '臂', '矗', '髅', '雹', '阔', '阉', '屎', '缀', '骁', '矾', '缤', '骥']",勋,勾,劫,骂
2,缆,纟,1.1460364409028416,"('糸', '纟')","[11337, 228]",2,11337,25,111,"['缱', '缠', '缉', '缜', '缕', '缅', '缔', '缄', '缤', '缝', '缥', '缰', '缭', '缀', '缪', '缎', '缢', '缈', '缮', '缚', '缨', '缛']",22,"['纺', '绉', '绅', '绳', '纤', '绰', '绵', '绮', '绣', '绚', '绞', '绸', '绶', '绨', '纱', '绽', '纾', '绀', '绯', '绥', '绊', '纰', '绒', '绦', '绷', '绢', '绻', '纶', '纭', '纫', '绎', '绔', '纣', '绌']",34,"['缶', '缸']",2,"['隋', '屎', '臂', '圄', '犒', '阔', '屠', '雾', '勋', '勃', '骛', '髦', '臆', '隙', '骼', '阎', '矾', '骋', '犟', '骆', '臾', '阂', '犸', '阐', '朲', '髅', '圪', '邓', '骜', '骷', '邵', '邱', '犊', '邋', '骂', '骡', '犀', '屄', '隅', '阄', '髓', '屉', '雍', '髑', '邢', '勺', '邹', '阈', '朦', '屑', '屐', '阀', '臃', '阙', '雌', '阉', '屿', '矗', '髋', '圭', '邃', '隧', '阮', '隽', '屌', '骁', '骶', '雇', '骄', '屈', '骏', '邸', '朴', '屡', '臊', '矽', '骐', '犷', '骝', '犁']",缕,缸,纺,隧
3,邋,辶,1.6986751437044287,"('辶',)","[8867, 233]",2,8867,9,81,"['邂', '邃']",2,"['迂', '逾', '遨', '逮', '遐', '遏', '迸', '迄', '逗', '迦', '逞', '遁', '遒', '遴', '逍', '逢', '迭', '逛', '迥', '逝', '遛', '遢', '逅', '迢', '迩']",25,"['邓', '邹', '邸', '邢', '邵', '邱']",6,"['圄', '圪', '缈', '犒', '骡', '隼', '勃', '臾', '隅', '勋', '髻', '雳', '骁', '阔', '缠', '雇', '缕', '缆', '朔', '矗', '骷', '缅', '缛', '缱', '勉', '缰', '屈', '臆', '臊', '臂', '缪', '骄', '骶', '缚', '屄', '骥', '朕', '阀', '勘', '髑', '髌', '缄', '勾', '骂', '雹', '骸', '朦', '犸', '阱', '缨', '髓', '阑', '阎', '犄', '雾', '矽', '缸', '缭', '骆', '缶', '缀', '屎', '犟', '朲', '隙', '阄', '骛', '臼', '犁', '勺', '犊', '臃', '雌', '圃', '屌', '阐', '缮', '隋', '骼', '缉', '骏', '屑', '髋', '朵', '隧', '雏', '髅', '骋', '阉', '朽', '骜', '矾', '隽']",邂,邓,逅,朦
4,骄,马,3.618961154550484,"('馬', '马')","[10151, 226]",2,10151,17,35,"['骆', '骂', '骁', '骥', '骐', '骡', '骏', '骝', '骋', '骜', '骛']",11,"['驳', '驽', '驮', '驯', '驴', '驹', '驼', '驸', '驷', '驭', '驿']",11,"['骸', '骶', '骷', '骼']",4,"['邹', '屈', '阱', '缮', '邋', '勘', '阉', '缎', '臆', '缭', '髻', '缱', '勃', '髦', '缈', '屡', '缸', '雇', '缶', '屹', '矍', '臾', '屑', '臼', '缚', '屌', '缤', '缔', '臂', '髑', '矗', '圄', '缝', '勺', '髌', '雏', '邱', '阄', '隘', '邓', '勉', '朽', '缅', '缕', '邢', '朦', '缆', '邸', '缥', '缀', '屿', '阈', '犷', '阮', '缠', '隽', '雌', '犸', '朵', '朴', '臊', '缨', '隅', '邵', '勋', '髋', '屠', '隋', '勾', '雁', '臃', '雍', '缜', '缪', '圭', '圃', '缢', '缄', '矽', '雹', '阎', '朲', '缰', '犒', '缉', '阐', '圪']",骝,骶,驸,缮
5,缱,纟,-0.1749488024645415,"('糸', '纟')","[11337, 109]",2,11337,25,111,"['缆', '缠', '缉', '缜', '缕', '缅', '缔', '缄', '缤', '缝', '缥', '缰', '缭', '缀', '缪', '缎', '缢', '缈', '缮', '缚', '缨', '缛']",22,"['纺', '绉', '绅', '绳', '纤', '绰', '绵', '绮', '绣', '绚', '绞', '绸', '绶', '绨', '纱', '绽', '纾', '绀', '绯', '绥', '绊', '纰', '绒', '绦', '绷', '绢', '绻', '纶', '纭', '纫', '绎', '绔', '纣', '绌']",34,"['缶', '缸']",2,"['雹', '阱', '屿', '隋', '阂', '雁', '臾', '朲', '屡', '阔', '矍', '屈', '屠', '阮', '勘', '骐', '臆', '犊', '臃', '隼', '阄', '髻', '勾', '屹', '勃', '骥', '骼', '勺', '雍', '犄', '骏', '隙', '邹', '屎', '臊', '髦', '隧', '屌', '隅', '骄', '圭', '矾', '阐', '骷', '屉', '勋', '隽', '骛', '阙', '雇', '犸', '邸', '朽', '阎', '髓', '雏', '雌', '邂', '屑', '髌', '屄', '雳', '圪', '骁', '雾', '髋', '骆', '骜', '勉', '屐', '矗', '邃', '阀', '犀', '朕', '圄', '隘', '犁', '邓', '犷', '阑', '朔', '邋', '骝', '朦']",缔,缸,绮,阮
6,缠,纟,3.3894418891512923,"('糸', '纟')","[11337, 254]",2,11337,25,111,"['缆', '缱', '缉', '缜', '缕', '缅', '缔', '缄', '缤', '缝', '缥', '缰', '缭', '缀', '缪', '缎', '缢', '缈', '缮', '缚', '缨', '缛']",22,"['纺', '绉', '绅', '绳', '纤', '绰', '绵', '绮', '绣', '绚', '绞', '绸', '绶', '绨', '纱', '绽', '纾', '绀', '绯', '绥', '绊', '纰', '绒', '绦', '绷', '绢', '绻', '纶', '纭', '纫', '绎', '绔', '纣', '绌']",34,"['缶', '缸']",2,"['隙', '勋', '圃', '屠', '隽', '骛', '骝', '犸', '矍', '圪', '朵', '骥', '犷', '髦', '阑', '骼', '犟', '矗', '犁', '邸', '雁', '雍', '阄', '屹', '髻', '雌', '阈', '隘', '髌', '朦', '阮', '雇', '骋', '屿', '邹', '隋', '骜', '雹', '朕', '骷', '邂', '邃', '雾', '屌', '骸', '圭', '勾', '邋', '犊', '犒', '矾', '骆', '犄', '矽', '阔', '屈', '邱', '髑', '朲', '屑', '朽', '勃', '邢', '骄', '臃', '阉', '雏', '髓', '雳', '骁', '隧', '臂', '骐', '骶', '阎', '圄', '朔', '勺', '屎', '隼', '屐', '臼', '屡', '隅']",缉,缸,纤,勺
7,缉,纟,2.5865603035145,"('糸', '纟')","[11337, 231]",2,11337,25,111,"['缆', '缱', '缠', '缜', '缕', '缅', '缔', '缄', '缤', '缝', '缥', '缰', '缭', '缀', '缪', '缎', '缢', '缈', '缮', '缚', '缨', '缛']",22,"['纺', '绉', '绅', '绳', '纤', '绰', '绵', '绮', '绣', '绚', '绞', '绸', '绶', '绨', '纱', '绽', '纾', '绀', '绯', '绥', '绊', '纰', '绒', '绦', '绷', '绢', '绻', '纶', '纭', '纫', '绎', '绔', '纣', '绌']",34,"['缶', '缸']",2,"['隽', '邹', '阮', '骄', '骋', '骏', '矽', '雌', '雹', '阉', '犷', '骷', '髦', '勉', '屉', '髌', '朵', '矗', '雇', '髓', '臃', '朔', '圃', '髋', '朽', '屠', '屑', '阂', '雳', '隘', '邓', '朕', '屌', '阀', '臼', '骜', '隙', '骥', '犊', '邃', '圪', '臾', '髑', '雍', '圭', '屈', '骼', '邢', '勃', '骛', '邵', '邋', '臊', '骐', '骶', '隧', '阄', '雾', '阙', '邱', '臆', '骸', '骡', '屎', '阑', '犒', '勺', '屿', '隋', '髅', '矾', '犁', '髻', '屹', '骝', '骆', '勾', '骂', '隼', '勋', '屐', '矍', '犀']",缎,缸,绢,雹
8,勾,勹,3.3222804289775105,"('勹',)","[9997, 122]",2,9997,6,9,['勺'],1,"['匀', '匈', '匆', '匍', '匐']",5,"['勘', '勃', '勉', '勋']",4,"['隧', '隘', '圪', '阔', '阮', '邵', '邂', '雁', '朽', '骷', '雹', '缢', '缠', '隅', '缥', '缚', '髑', '屈', '臊', '缱', '邓', '缈', '阱', '缎', '骸', '髋', '屿', '臃', '屌', '髅', '阈', '臼', '缛', '雇', '犀', '矍', '雍', '缔', '骁', '隼', '圭', '阑', '邸', '臂', '朔', '缸', '缝', '阐', '邃', '骛', '邹', '屠', '臆', '骝', '骶', '屹', '骄', '朦', '缤', '犒', '缨', '骼', '髻', '缮', '阂', '阄', '隽', '邱', '屄', '髌', '阉', '骐', '缭', '圃', '朵', '骜', '缆', '骡', '矗', '圄', '骏', '雌', '髦', '屑', '朕', '朲', '雳', '骋', '缶', '雾', '犊', '矽', '屐', '缪']",勺,勃,匆,邓
9,雏,隹,1.0862022685914283,"('隹',)","[5546, 237]",2,5546,8,13,"['雍', '雌', '雇', '雁']",4,"['隼', '隽']",2,"['雾', '雹', '雳']",3,"['骂', '髻', '缥', '勘', '缪', '犀', '臼', '邹', '臃', '朕', '邱', '勾', '犷', '骆', '缄', '朵', '缸', '骼', '屎', '缨', '屹', '缝', '朦', '臾', '阙', '朽', '阎', '骜', '屠', '隅', '缕', '臊', '邂', '圄', '缜', '犊', '朔', '骏', '缎', '屐', '屡', '矍', '缱', '髓', '缠', '骛', '缶', '勋', '屿', '朲', '犸', '骷', '缈', '骋', '阀', '髦', '缢', '邋', '邸', '髅', '犄', '臆', '缆', '阉', '髑', '缚', '屈', '朴', '犒', '邢', '阱', '阮', '屉', '缛', '缰', '圃', '隘', '犁', '骶', '屌', '勉', '骸', '圪', '骁', '髌', '缔', '缮', '矾', '阐', '缭', '隙', '阑']",雇,雾,隽,缠
10,缜,纟,-0.39809235377875135,"('糸', '纟')","[11337, 250]",2,11337,25,111,"['缆', '缱', '缠', '缉', '缕', '缅', '缔', '缄', '缤', '缝', '缥', '缰', '缭', '缀', '缪', '缎', '缢', '缈', '缮', '缚', '缨', '缛']",22,"['纺', '绉', '绅', '绳', '纤', '绰', '绵', '绮', '绣', '绚', '绞', '绸', '绶', '绨', '纱', '绽', '纾', '绀', '绯', '绥', '绊', '纰', '绒', '绦', '绷', '绢', '绻', '纶', '纭', '纫', '绎', '绔', '纣', '绌']",34,"['缶', '缸']",2,"['圄', '屡', '圭', '犊', '骐', '犸', '骶', '雌', '阂', '矾', '屉', '髓', '臆', '阙', '犒', '骛', '矽', '髑', '朴', '邹', '臼', '邸', '阮', '髦', '雾', '犄', '雁', '髅', '邂', '骷', '朲', '阀', '髌', '勾', '臊', '隧', '邓', '骸', '隼', '隘', '隽', '隅', '犷', '邢', '屌', '圃', '阎', '髻', '骆', '雳', '阄', '勺', '阑', '矍', '邃', '犁', '臂', '勘', '屠', '髋', '骜', '屄', '阈', '朵', '阉', '矗', '邱', '朦', '雹', '朽', '骋', '屑', '骡', '屎', '隙', '邋', '阔']",缪,缸,绮,隘
11,屠,尸,3.0630450678346155,"('尸',)","[4072, 254]",2,4072,11,27,"['屈', '屑', '屡', '屐', '屉', '屎', '屌', '屄']",8,"['尹', '尻']",2,"['屹', '屿']",2,"['隋', '隘', '犁', '雁', '阮', '骜', '骸', '犟', '缅', '阀', '臊', '臃', '缆', '犀', '阂', '矾', '圭', '缪', '朴', '犒', '骆', '缄', '缶', '髻', '邸', '勋', '圃', '朲', '缀', '缸', '阎', '缢', '矽', '髅', '阱', '邱', '缕', '雌', '犷', '隧', '邂', '雳', '隅', '矗', '犊', '邃', '缭', '圄', '犸', '雏', '雾', '骂', '勺', '矍', '骡', '阄', '缔', '骛', '勘', '缥', '缛', '雹', '勃', '骄', '阑', '髓', '骋', '邵', '邢', '缰', '勉', '缠', '阙', '臂', '阐', '阈', '缚', '骼', '朕', '勾', '缮', '髑', '缝', '缉', '骶', '圪', '缎', '雇', '骐', '缨']",屎,屿,尹,雾
12,雌,隹,1.5509609826751245,"('隹',)","[5546, 234]",2,5546,8,13,"['雍', '雏', '雇', '雁']",4,"['隼', '隽']",2,"['雾', '雹', '雳']",3,"['臼', '圪', '朽', '勘', '骏', '臊', '隘', '屐', '缚', '髌', '缔', '邂', '缎', '阮', '朵', '隋', '圭', '缮', '屄', '屈', '屿', '髑', '矾', '缭', '勃', '屎', '朔', '臾', '阙', '朴', '隙', '骡', '缤', '缝', '缛', '缸', '屡', '髋', '缈', '缄', '勉', '臂', '缪', '矗', '犊', '阑', '缨', '邸', '臆', '矍', '骶', '阔', '邢', '缠', '圄', '缆', '阱', '邓', '骜', '犀', '屠', '犸', '邃', '缀', '勺', '缜', '缕', '矽', '勾', '邱', '骷', '缥', '髅', '阎', '骁', '缰', '邋', '骆', '骥', '骋', '缅', '屌', '阈', '骄', '屹', '阂', '缱', '勋', '缢', '犒', '臃', '犟']",雁,雳,隽,隙
13,朽,木,1.4725867296849033,"('木',)","[985, 121]",2,985,7,210,"['朴', '朵', '朲']",3,"['枯', '橘', '橡', '楷', '柩', '枕', '椿', '柿', '桎', '榴', '枫', '榛', '棍', '栈', '梳', '栅', '桨', '樵', '杵', '槌', '棕', '槟', '柬', '樘', '棉', '橄', '樱', '椎', '栽', '梵', '棺', '栖', '橙', '槐', '槛', '楔', '榄', '梓', '杠', '柑', '柯', '樟', '枢', '樽', '椅', '榨', '柺', '桐', '梗', '椰', '樊', '桩', '柚', '栓', '桔', '榻', '杖', '枣', '橱', '榔', '枷', '檫', '桡', '梭', '桦', '棵', '楞', '棱', '桁', '杪', '棠', '枸', '橇', '棘', '椭', '枉', '柠', '椽', '桅', '楠', '檀', '柒', '栀', '桀', '槃', '榕', '桉', '榆', '楸', '桖', '榎', '栎', '椁', '椴', '槲', '梧', '杞', '栩', '杳', '棂', '桠', '梏', '桓', '楂', '梢', '枭', '楣', '榈', '槁', '檬', '栌', '檐', '榷', '杈', '楦', '梆', '榭', '榉', '枥']",119,"['朦', '朔', '朕']",3,"['邃', '髅', '缜', '缉', '雁', '屈', '骶', '阈', '缄', '缥', '邱', '缱', '骋', '隽', '缢', '圄', '臊', '髓', '缅', '骆', '臂', '缆', '隅', '勾', '雏', '臼', '圪', '勋', '邵', '矾', '隧', '骛', '骐', '阑', '髦', '臆', '缝', '屄', '缎', '阎', '缮', '缈', '屑', '圭', '骄', '阮', '屿', '缶', '骁', '勉', '骥', '邓', '犟', '雹', '雳', '勃', '缔', '犷', '犸', '骼', '缤', '缚', '邸', '臾', '邋', '阙', '勘', '雇', '犁', '缛', '犀', '缪', '圃', '犒', '屌', '髋', '骝', '矽', '骸', '臃', '缠', '骜', '阐', '雌', '缰', '隋', '缕', '隘', '犄', '屡', '阂', '髻', '勺', '骷']",朵,朦,棉,屈
14,屹,山,0.35914189850251976,"('山',)","[4072, 117]",2,4072,11,42,['屿'],1,"['崩', '嵌', '巅', '峙', '峻', '岔', '嵩', '巍', '崇', '岬', '崽', '岂', '崔', '峨', '崭', '崛', '岚', '崴', '岐', '峭', '嶙', '岑', '崖', '岘', '岌', '岖', '峦', '嶂', '峋']",29,"['屠', '屈', '屑', '屡', '屐', '屉', '屎', '屌', '屄']",9,"['阂', '骷', '朴', '邢', '邱', '矽', '勾', '骏', '邓', '阑', '缛', '缠', '矍', '缤', '缝', '髋', '骛', '臾', '隋', '朵', '邋', '缢', '缎', '缄', '骸', '缅', '隙', '勃', '邃', '骼', '阀', '臼', '阙', '圭', '骆', '雍', '缨', '缮', '缀', '犄', '犷', '阄', '犟', '雳', '犸', '阔', '隽', '缈', '缪', '勺', '隅', '圪', '犁', '雹', '雇', '朔', '邂', '臆', '臂', '朦', '骄', '缭', '髓', '阐', '骝', '髌', '矗', '阮', '勋', '缉', '勘', '骋', '阉', '犊', '隼', '圃', '阎', '隧', '缜', '矾', '骡', '髻', '雌', '髑', '缕', '骶', '缶', '骜', '缆', '犒', '朽', '骥']",屿,屌,崭,邂
15,缕,纟,1.9022866148372402,"('糸', '纟')","[11337, 243]",2,11337,25,111,"['缆', '缱', '缠', '缉', '缜', '缅', '缔', '缄', '缤', '缝', '缥', '缰', '缭', '缀', '缪', '缎', '缢', '缈', '缮', '缚', '缨', '缛']",22,"['纺', '绉', '绅', '绳', '纤', '绰', '绵', '绮', '绣', '绚', '绞', '绸', '绶', '绨', '纱', '绽', '纾', '绀', '绯', '绥', '绊', '纰', '绒', '绦', '绷', '绢', '绻', '纶', '纭', '纫', '绎', '绔', '纣', '绌']",34,"['缶', '缸']",2,"['矗', '骁', '朵', '屎', '邱', '阄', '邵', '阀', '矍', '隽', '雁', '屹', '朔', '朽', '骶', '勾', '骛', '屌', '隼', '髓', '雏', '屈', '屐', '臾', '圪', '勺', '邓', '勃', '臂', '髑', '骸', '雾', '犁', '雌', '朕', '雍', '髋', '骂', '臊', '邃', '臼', '圭', '勘', '髦', '矾', '犟', '骼', '骜', '圄', '隋', '屡', '犀', '骄', '邹', '髻', '圃', '骏', '阎', '雹', '隙', '屿', '犸', '矽', '朦', '骝', '隅', '犄', '骋', '雳', '邂', '勋', '屉', '骥', '隧', '骐', '阑', '阈', '骷', '朲', '屑']",缅,缸,绷,圭
16,缅,纟,1.6099377874757514,"('糸', '纟')","[11337, 227]",2,11337,25,111,"['缆', '缱', '缠', '缉', '缜', '缕', '缔', '缄', '缤', '缝', '缥', '缰', '缭', '缀', '缪', '缎', '缢', '缈', '缮', '缚', '缨', '缛']",22,"['纺', '绉', '绅', '绳', '纤', '绰', '绵', '绮', '绣', '绚', '绞', '绸', '绶', '绨', '纱', '绽', '纾', '绀', '绯', '绥', '绊', '纰', '绒', '绦', '绷', '绢', '绻', '纶', '纭', '纫', '绎', '绔', '纣', '绌']",34,"['缶', '缸']",2,"['矽', '阉', '矍', '骷', '犷', '髻', '骶', '阔', '臾', '邓', '朲', '隽', '圪', '屉', '犁', '屎', '勺', '臆', '邱', '隧', '骏', '骡', '骥', '骸', '阎', '臂', '髅', '邢', '阐', '雏', '屠', '勉', '勃', '屐', '雁', '髌', '骋', '圃', '髓', '骁', '阱', '骜', '朽', '邸', '雳', '邵', '朔', '犒', '邃', '阑', '朕', '犊', '邹', '骐', '屈', '髑', '勾', '朴', '骼', '屑', '屌', '矾', '圄', '臊', '邋', '隙', '阈', '雇', '雹', '犄', '骝', '屹', '阄', '雾', '髦', '屄', '骄', '骂', '犸']",缄,缸,纫,骁
17,邓,阝,2.642579690241552,"('邑', '阜', '阝')","[8867, 241]",2,8867,9,68,"['邹', '邸', '邢', '邵', '邱']",5,"['陨', '鄙', '隋', '郊', '隙', '陋', '陡', '郡', '陀', '郁', '郝', '陛', '隧', '阮', '隅', '郴', '鄂', '陲', '阱', '隘', '陇']",21,"['邋', '邂', '邃']",3,"['阔', '缪', '阐', '雇', '骥', '缜', '臃', '朦', '圃', '雁', '骷', '屿', '屐', '屄', '朴', '雍', '骐', '勋', '隽', '缈', '雹', '臂', '屡', '骸', '矾', '犁', '缶', '阈', '缉', '圭', '缚', '骼', '髓', '缱', '缤', '犷', '屈', '朔', '矍', '骡', '勾', '骆', '缆', '缭', '缸', '缕', '骋', '缀', '圪', '缥', '髑', '屠', '勃', '骶', '臼', '臾', '髻', '隼', '犊', '缠', '勘', '犀', '朲', '缅', '朽', '阄', '矗', '屌', '缨', '骏', '骂', '阂', '雳', '雾', '缰', '朵', '雌', '犄', '臆', '矽', '勉', '阎', '髋', '髦', '朕', '缄']",邹,邃,陡,阎
18,屈,尸,3.8281042957545766,"('尸',)","[4072, 230]",2,4072,11,27,"['屠', '屑', '屡', '屐', '屉', '屎', '屌', '屄']",8,"['尹', '尻']",2,"['屹', '屿']",2,"['犒', '骥', '臂', '阈', '骜', '犷', '阀', '勉', '缸', '臆', '缈', '雏', '髦', '隋', '臊', '矍', '圭', '缆', '犊', '缶', '邱', '矗', '阉', '骄', '犟', '朕', '缪', '邵', '邢', '髻', '矾', '阙', '缕', '骛', '缭', '犄', '骝', '隼', '朽', '缎', '骆', '阎', '缱', '阄', '矽', '骏', '隅', '阮', '邂', '隙', '缢', '缛', '雇', '髅', '臾', '雍', '犁', '缜', '勘', '骼', '缝', '邃', '阱', '阂', '缔', '缄', '髌', '勃', '髋', '缮', '雳', '骶', '圄', '阔', '勋', '缀', '骡', '缤', '邋', '骋', '圃', '邹', '犸', '缠', '朲', '雹', '邓', '圪', '骐', '雾', '雁', '臃']",屉,屿,尹,缀
19,缔,纟,0.47617206526611167,"('糸', '纟')","[11337, 242]",2,11337,25,111,"['缆', '缱', '缠', '缉', '缜', '缕', '缅', '缄', '缤', '缝', '缥', '缰', '缭', '缀', '缪', '缎', '缢', '缈', '缮', '缚', '缨', '缛']",22,"['纺', '绉', '绅', '绳', '纤', '绰', '绵', '绮', '绣', '绚', '绞', '绸', '绶', '绨', '纱', '绽', '纾', '绀', '绯', '绥', '绊', '纰', '绒', '绦', '绷', '绢', '绻', '纶', '纭', '纫', '绎', '绔', '纣', '绌']",34,"['缶', '缸']",2,"['犄', '骡', '骥', '髌', '邋', '勾', '朦', '骷', '骛', '隙', '雏', '臾', '屑', '圪', '臼', '隅', '屉', '邢', '阄', '犊', '朵', '圄', '邹', '雾', '隽', '雇', '勺', '骆', '髦', '骜', '阉', '勃', '骸', '阈', '髑', '犟', '邱', '阔', '阱', '隘', '骄', '阎', '邵', '邓', '臊', '臆', '阀', '圃', '屹', '邂', '屌', '骂', '屎', '勋', '隼', '髋', '雹', '骝', '朲', '骶', '雁', '屈', '圭', '阮', '阙', '骁', '隧', '矽', '朴', '阑', '犁', '矗', '邸', '朕', '阂', '骏', '髅', '矍', '髓', '臃']",缮,缶,绔,骝
20,朴,木,3.0184375468394697,"('木',)","[985, 112]",2,985,7,210,"['朽', '朵', '朲']",3,"['枯', '橘', '橡', '楷', '柩', '枕', '椿', '柿', '桎', '榴', '枫', '榛', '棍', '栈', '梳', '栅', '桨', '樵', '杵', '槌', '棕', '槟', '柬', '樘', '棉', '橄', '樱', '椎', '栽', '梵', '棺', '栖', '橙', '槐', '槛', '楔', '榄', '梓', '杠', '柑', '柯', '樟', '枢', '樽', '椅', '榨', '柺', '桐', '梗', '椰', '樊', '桩', '柚', '栓', '桔', '榻', '杖', '枣', '橱', '榔', '枷', '檫', '桡', '梭', '桦', '棵', '楞', '棱', '桁', '杪', '棠', '枸', '橇', '棘', '椭', '枉', '柠', '椽', '桅', '楠', '檀', '柒', '栀', '桀', '槃', '榕', '桉', '榆', '楸', '桖', '榎', '栎', '椁', '椴', '槲', '梧', '杞', '栩', '杳', '棂', '桠', '梏', '桓', '楂', '梢', '枭', '楣', '榈', '槁', '檬', '栌', '檐', '榷', '杈', '楦', '梆', '榭', '榉', '枥']",119,"['朦', '朔', '朕']",3,"['骡', '雁', '勃', '邂', '缨', '邱', '屈', '阮', '隧', '缤', '勾', '骼', '骝', '矍', '骋', '屑', '髅', '雏', '屡', '屹', '圄', '缎', '髦', '缠', '缮', '邸', '缸', '阄', '臼', '缛', '缉', '缈', '缥', '缱', '骏', '隅', '雍', '缭', '屎', '缕', '骜', '阔', '骄', '圪', '阈', '邵', '阙', '隼', '雇', '臆', '屿', '邓', '阑', '屌', '臾', '雾', '邃', '雹', '缆', '屠', '屉', '缔', '矗', '犷', '隽', '矾', '臂', '阉', '隙', '隋', '缄', '邋', '邹', '髓', '隘', '阐', '缜', '勘', '骆', '雌', '犊', '圭', '髻', '缶', '屐', '阎', '骛', '缰', '骐', '犒', '阂', '矽', '勋']",朲,朕,楸,缛
21,骸,骨,1.115764347485675,"('骨',)","[10151, 116]",2,10151,17,11,"['骶', '骷', '骼']",3,"['髌', '髋', '髑', '髓', '髅']",5,"['骄', '骆', '骂', '骁', '骥', '骐', '骡', '骏', '骝', '骋', '骜', '骛']",12,"['阂', '勉', '臂', '缪', '邃', '朔', '隼', '勋', '阎', '阙', '臆', '朦', '邓', '缮', '朽', '阑', '缉', '屄', '阈', '圃', '屿', '屌', '缜', '缥', '雾', '圪', '臊', '阐', '圭', '犀', '犒', '雏', '缭', '阔', '邋', '雇', '邹', '阉', '屐', '犁', '臼', '邵', '缛', '屎', '缸', '隘', '朲', '雁', '臾', '缈', '屑', '屉', '隅', '朵', '雍', '圄', '缆', '缔', '缱', '犟', '隙', '勾', '朴', '屠', '髻', '阀', '犷', '邱', '缠', '勺', '阮', '矽', '缎', '屡', '雌', '矍', '勃', '邢', '雳', '阱', '缨', '屈', '缅']",骶,骜,髑,矍
22,邂,辶,2.0983982230293243,"('辶',)","[8867, 224]",2,8867,9,81,"['邋', '邃']",2,"['迂', '逾', '遨', '逮', '遐', '遏', '迸', '迄', '逗', '迦', '逞', '遁', '遒', '遴', '逍', '逢', '迭', '逛', '迥', '逝', '遛', '遢', '逅', '迢', '迩']",25,"['邓', '邹', '邸', '邢', '邵', '邱']",6,"['屄', '缰', '雌', '骜', '缕', '臂', '隽', '骶', '阱', '犷', '缠', '屿', '阈', '缄', '缅', '阙', '缎', '髦', '髅', '勾', '臾', '阐', '朔', '髻', '骐', '缚', '勘', '髋', '缭', '骆', '阔', '矍', '勺', '雾', '圭', '臊', '朦', '阀', '矾', '缨', '屌', '缥', '犸', '缆', '缢', '圃', '缮', '阎', '骂', '缸', '朴', '朕', '缀', '圄', '雳', '骸', '雹', '犁', '朲', '阉', '屐', '屉', '屎', '犒', '屡', '雇', '骡', '缤', '隙', '隘', '骷', '髌', '勉', '缛', '骋', '屠', '犊', '缈', '雏', '臆', '犟', '骄', '矗', '朽', '屹', '犄', '缜', '隧', '圪', '阮', '勋', '臼', '雍', '缔']",邋,邱,遢,雳
23,雇,隹,3.5586568670639624,"('隹',)","[5546, 229]",2,5546,8,13,"['雍', '雏', '雌', '雁']",4,"['隼', '隽']",2,"['雾', '雹', '雳']",3,"['隙', '阔', '臂', '缝', '髋', '缀', '骜', '屉', '阎', '邱', '缢', '骄', '圄', '勉', '阑', '臊', '缮', '骝', '朕', '缸', '屠', '矗', '犒', '屄', '阙', '邹', '缤', '缛', '缨', '邃', '缉', '矾', '缆', '髦', '勋', '骁', '屿', '圪', '矍', '邵', '犟', '髻', '缪', '屌', '臆', '犷', '屎', '阐', '朲', '骋', '屐', '骛', '缭', '缈', '缅', '邋', '阉', '邂', '邸', '勘', '犊', '邢', '阈', '骂', '骶', '缜', '隋', '犀', '隧', '臾', '骐', '朵', '缚', '朦', '犁', '缎', '阮', '缰', '骸', '髓', '阄', '屈', '阀', '朴', '缥', '骷', '犸', '邓', '骆', '圭', '臼', '隘', '骼']",雌,雳,隽,骆
24,骆,马,1.5222883440783017,"('馬', '马')","[10151, 228]",2,10151,17,35,"['骄', '骂', '骁', '骥', '骐', '骡', '骏', '骝', '骋', '骜', '骛']",11,"['驳', '驽', '驮', '驯', '驴', '驹', '驼', '驸', '驷', '驭', '驿']",11,"['骸', '骶', '骷', '骼']",4,"['缨', '缭', '髓', '髻', '缜', '缶', '臆', '髑', '朽', '隙', '屉', '犸', '朴', '犟', '圪', '隘', '朦', '雍', '勉', '缮', '勾', '圄', '犊', '屈', '阉', '屎', '缉', '缱', '朲', '邃', '邹', '矗', '屠', '矽', '隽', '雾', '雳', '缎', '邓', '隋', '阄', '阂', '阱', '缆', '隅', '缛', '犀', '屹', '阀', '屐', '屑', '犄', '雁', '朵', '矾', '屡', '缄', '缢', '缰', '缠', '雇', '屿', '髋', '阮', '髅', '隼', '犷', '缀', '缸', '阈', '髦', '圃', '朔', '屄', '缔', '雏', '邋', '圭', '阎', '缝', '勃', '缤', '缕', '阙', '朕', '雌', '屌', '邵']",骐,骶,驸,隼
25,阎,门,0.6320693310513549,"('門', '门')","[6218, 236]",2,6218,13,28,"['阐', '阔', '阙', '阉', '阀', '阑', '阈', '阂', '阄']",9,"['闷', '闸', '闹', '闺', '闰', '闩', '闾', '闯', '闵']",9,"['阮', '阱']",2,"['屈', '臃', '犟', '邢', '犀', '髦', '屌', '缨', '屎', '邱', '臂', '朔', '缢', '缚', '圭', '缤', '屡', '邵', '雏', '缮', '缝', '髓', '骐', '犊', '缅', '雹', '邸', '骏', '勋', '骶', '缥', '邃', '缶', '雍', '矽', '犄', '臼', '骥', '髅', '犒', '屹', '朵', '圄', '缀', '隙', '骄', '缠', '邋', '矗', '犁', '勃', '圪', '雌', '缛', '髻', '缸', '隋', '屄', '屠', '朲', '朴', '骋', '缉', '勉', '雇', '犷', '勺', '屉', '雳', '隧', '犸', '缆', '臊', '骸', '髌', '缜', '矾', '邓', '隘', '缭', '邹', '缰', '骡', '缱', '朕', '朽', '缈', '矍', '缄', '屑', '骂']",阔,阱,闺,屠
26,隋,阝,1.30532831062988,"('邑', '阜', '阝')","[11676, 233]",2,11676,8,68,"['隙', '隧', '隅', '隘']",4,"['陨', '邓', '鄙', '郊', '陋', '陡', '郡', '邹', '邸', '邢', '陀', '邵', '邱', '郁', '郝', '陛', '阮', '郴', '鄂', '陲', '阱', '陇']",22,"['隼', '隽']",2,"['缝', '骸', '缀', '屹', '缢', '雁', '屉', '缄', '骥', '雏', '阑', '犸', '缱', '朔', '阙', '髑', '雳', '圃', '缔', '屡', '臾', '臊', '臃', '缪', '阔', '阀', '阈', '雇', '髌', '阐', '朵', '缉', '骛', '矍', '骜', '雾', '屄', '雹', '臼', '朴', '勃', '阄', '屌', '犊', '缚', '圪', '骏', '缛', '缨', '犷', '骡', '缈', '骁', '臂', '屐', '缭', '勉', '邃', '骐', '圄', '臆', '缸', '缠', '髅', '犁', '阉', '圭', '骷', '髻', '缮', '缰', '缶', '缕', '邋', '勺', '屠', '犀', '骝', '骄', '阂', '雍', '犟', '髋', '矽', '缥', '缎', '勾', '髦']",隘,隽,陨,缪
27,屑,尸,2.333220984869148,"('尸',)","[4072, 239]",2,4072,11,27,"['屠', '屈', '屡', '屐', '屉', '屎', '屌', '屄']",8,"['尹', '尻']",2,"['屹', '屿']",2,"['臼', '雌', '矗', '朦', '勃', '臆', '朕', '雍', '阉', '骂', '隧', '骁', '臊', '邱', '缱', '骡', '骋', '缮', '髓', '隅', '缢', '骼', '缕', '朔', '邵', '缸', '矽', '缭', '阐', '骸', '骏', '髻', '犒', '缄', '阑', '勉', '犄', '勘', '阀', '犟', '髋', '髅', '犊', '阮', '犷', '邢', '隼', '邋', '缔', '邸', '雏', '缶', '缅', '勺', '阈', '阂', '臾', '骷', '邹', '隘', '髑', '雾', '骶', '缝', '隽', '缠', '圪', '缨', '朴', '隙', '骄', '犸', '髌', '雁', '圭', '髦', '缀', '缤', '缥', '犁', '圄', '缰', '阎', '缜', '犀', '邓', '朵', '雳', '雇', '骛', '阙']",屡,屿,尹,髦
28,臂,月,3.0999796699243447,"('月',)","[4996, 224]",2,4996,7,115,"['臆', '臊', '臃']",3,"['肝', '胭', '肚', '腱', '膝', '胚', '胀', '腓', '肿', '脆', '肴', '脾', '腋', '胼', '肘', '脊', '胁', '肾', '腔', '脖', '肠', '肢', '腮', '肮', '肱', '胳', '腥', '脐', '朦', '腻', '胫', '膏', '脉', '膀', '朔', '脓', '腭', '肋', '胯', '脏', '膨', '膛', '胴', '腊', '胰', '肛', '膳', '肽', '腌', '膊', '腼', '朕', '脯', '膈', '膘', '胥', '腚', '脍', '腺', '胝', '胄', '胺', '胱', '肪', '腴', '胧', '胛', '腆', '腑', '膺', '肓']",71,"['臼', '臾']",2,"['缆', '骁', '屌', '隘', '勘', '犸', '骝', '阂', '缚', '阄', '骐', '缅', '勾', '缢', '髌', '屑', '缀', '邓', '犷', '隋', '阈', '缪', '缥', '屉', '髦', '骷', '圃', '缭', '骄', '圭', '犒', '阔', '雹', '缱', '髅', '缕', '矗', '犀', '髻', '缨', '骏', '髑', '阮', '雌', '缛', '邸', '隧', '雇', '骼', '骂', '髓', '朴', '隙', '缄', '骛', '骶', '阑', '圄', '勉', '矽', '邋', '阐', '隅', '矍', '缔', '勺', '骸', '矾', '勋', '屠', '骡', '缰', '邵', '雳', '屹', '勃', '缤', '缜', '髋', '屿', '阀', '圪', '朽', '阙', '朵', '邃', '隽', '缮', '阉', '犟', '屎', '屈', '隼']",臆,臼,胯,隅
29,缄,纟,-0.1986948709118999,"('糸', '纟')","[11337, 226]",2,11337,25,111,"['缆', '缱', '缠', '缉', '缜', '缕', '缅', '缔', '缤', '缝', '缥', '缰', '缭', '缀', '缪', '缎', '缢', '缈', '缮', '缚', '缨', '缛']",22,"['纺', '绉', '绅', '绳', '纤', '绰', '绵', '绮', '绣', '绚', '绞', '绸', '绶', '绨', '纱', '绽', '纾', '绀', '绯', '绥', '绊', '纰', '绒', '绦', '绷', '绢', '绻', '纶', '纭', '纫', '绎', '绔', '纣', '绌']",34,"['缶', '缸']",2,"['勾', '屡', '髻', '圭', '骷', '屹', '犄', '骐', '邋', '屄', '隙', '骸', '圃', '臂', '屐', '邹', '邵', '屑', '髋', '雌', '犸', '阄', '臊', '髑', '阀', '髌', '朽', '骂', '朕', '臼', '屎', '雹', '雍', '阉', '雇', '勃', '朲', '邃', '勋', '矍', '屌', '骼', '隼', '雏', '矗', '骡', '阔', '邢', '隘', '骋', '骥', '阐', '雳', '隋', '勺', '犊', '勘', '犟', '髦', '骛', '臾', '雾', '阎', '雁', '臃', '骄', '隅', '勉', '隧', '圄', '骜', '矾', '邸', '骁', '矽', '阑', '邱', '阈', '犁']",缔,缸,绮,阉
30,雁,隹,1.5819022622395795,"('隹',)","[5546, 223]",2,5546,8,13,"['雍', '雏', '雌', '雇']",4,"['隼', '隽']",2,"['雾', '雹', '雳']",3,"['屐', '骏', '勉', '阉', '臼', '髑', '缶', '缀', '骡', '骷', '邓', '缆', '邂', '隋', '屑', '缔', '缜', '缠', '骛', '隧', '骸', '勋', '犊', '阄', '圄', '屉', '邱', '骆', '圪', '邹', '圭', '朕', '缉', '犸', '邋', '矾', '臊', '朦', '骝', '缚', '朴', '髌', '屎', '缰', '阐', '朲', '勺', '髦', '邸', '臃', '勘', '圃', '缥', '隘', '髓', '缎', '阙', '髅', '犁', '屈', '缝', '缢', '屡', '阈', '骶', '骼', '缪', '朽', '骜', '缛', '邵', '屿', '髋', '臆', '骁', '阂', '阔', '缮', '骋', '骥', '邢', '矗', '阑', '隙', '阮', '缱', '勾', '犒', '骄', '犟', '犀', '缄']",雍,雳,隽,邱
31,勃,力,2.8169584162256895,"('力',)","[9997, 225]",2,9997,6,25,"['勘', '勉', '勋']",3,"['劫', '劝', '劣', '劵', '劾']",5,"['勾', '勺']",2,"['隅', '雌', '犒', '屑', '屌', '臂', '阀', '骼', '缢', '骐', '邸', '阮', '邢', '邵', '邱', '阄', '屈', '臃', '缛', '隽', '骜', '阱', '缔', '屄', '犊', '雾', '朦', '屠', '矽', '犷', '阉', '骁', '邹', '缕', '犄', '骝', '骋', '雇', '屿', '髻', '朔', '臼', '髑', '缱', '犁', '屎', '髌', '犀', '阙', '缪', '阐', '雳', '缀', '缸', '骸', '缥', '缄', '阎', '邋', '缉', '缭', '骡', '圪', '阈', '缨', '臾', '髦', '雁', '邂', '隋', '屡', '骛', '邓', '骶', '臊', '隙', '雹', '髋', '雍', '缶', '骷', '雏', '阑', '缜', '矾', '骥', '髅', '阂', '隘', '缆', '隼', '圭', '圃', '犟', '骏', '缚']",勋,勾,劫,屎
32,骂,马,4.391182095245908,"('馬', '马')","[10151, 224]",2,10151,17,35,"['骄', '骆', '骁', '骥', '骐', '骡', '骏', '骝', '骋', '骜', '骛']",11,"['驳', '驽', '驮', '驯', '驴', '驹', '驼', '驸', '驷', '驭', '驿']",11,"['骸', '骶', '骷', '骼']",4,"['勉', '缛', '屌', '屐', '缕', '缢', '缰', '髑', '屉', '阉', '缮', '邹', '雾', '臼', '隧', '缥', '缜', '缱', '圄', '缤', '雹', '阎', '邱', '缠', '雳', '髋', '臊', '邋', '勾', '缚', '邓', '屠', '朔', '阔', '朽', '缅', '阄', '朲', '矍', '邸', '勘', '缶', '邢', '犁', '隘', '缀', '雏', '雍', '髦', '阂', '臂', '屄', '矗', '臃', '屑', '缝', '雌', '髻', '隅', '臆', '屹', '缨', '矽', '缭', '勋', '隼', '缈', '屡', '阑', '阮', '圃', '阱', '朕', '髓', '缎', '矾', '圭', '缆', '缉', '臾', '屈', '犄', '朦', '缔', '犊', '犒', '犸', '邃', '缄']",骏,骷,驭,雌
33,隙,阝,1.5940196597057197,"('邑', '阜', '阝')","[11676, 247]",2,11676,8,68,"['隋', '隧', '隅', '隘']",4,"['陨', '邓', '鄙', '郊', '陋', '陡', '郡', '邹', '邸', '邢', '陀', '邵', '邱', '郁', '郝', '陛', '阮', '郴', '鄂', '陲', '阱', '陇']",22,"['隼', '隽']",2,"['圭', '屐', '骁', '骜', '骄', '骶', '圪', '犁', '髋', '勺', '勾', '骼', '缆', '阀', '朵', '骂', '圃', '髌', '缸', '骋', '雳', '缮', '缕', '矗', '骥', '屡', '雹', '缜', '雇', '阙', '髑', '邋', '缢', '缠', '矾', '雾', '髓', '骷', '邃', '勉', '臃', '犟', '勘', '朔', '骆', '屠', '屌', '缔', '臼', '阐', '臆', '雁', '缚', '髦', '缶', '屈', '缝', '缨', '矍', '阂', '缤', '屹', '缀', '矽', '雍', '犊', '骛', '阎', '屿', '髅', '朲', '髻', '屉', '屎', '缭', '缉', '缛', '犸', '勋', '朦', '缪', '缰', '朕', '缅', '骡', '阈', '骸', '缎']",隅,隽,邢,臆
34,雾,雨,3.9023968220335137,"('雨',)","[5546, 122]",2,5546,8,24,"['雹', '雳']",2,"['霉', '霎', '霓', '霰', '霾', '霜', '霹', '霄', '霭', '霆', '霖']",11,"['雍', '雏', '雌', '雇', '雁']",5,"['屐', '犷', '缢', '阉', '阙', '骶', '矗', '缪', '犸', '隽', '缨', '骛', '朴', '髌', '邂', '矍', '邋', '邢', '骝', '阀', '骂', '缸', '矾', '缀', '骜', '缈', '缱', '髋', '隋', '缕', '阑', '臂', '屄', '朽', '臆', '隼', '骆', '勃', '犀', '隙', '屠', '邱', '圃', '邹', '犒', '骷', '隅', '骸', '髅', '圄', '骄', '屉', '朕', '阄', '骡', '阂', '阮', '缛', '髻', '屿', '髦', '缉', '缤', '缥', '圪', '阐', '缜', '屈', '缄', '犊', '勾', '骐', '邃', '勺', '臾', '邓', '臃', '缝', '臊', '缆', '朦', '屹', '矽', '缚', '髓', '缭', '阈', '隧', '邸', '缎', '缮', '缔', '缅']",雳,雁,霹,邋
35,骁,马,-0.27377916728278956,"('馬', '马')","[10151, 223]",2,10151,17,35,"['骄', '骆', '骂', '骥', '骐', '骡', '骏', '骝', '骋', '骜', '骛']",11,"['驳', '驽', '驮', '驯', '驴', '驹', '驼', '驸', '驷', '驭', '驿']",11,"['骸', '骶', '骷', '骼']",4,"['圭', '朽', '朵', '缨', '阉', '缶', '屎', '髦', '邱', '雌', '邂', '犷', '阮', '缚', '缈', '圄', '缅', '邓', '勾', '缤', '矗', '雾', '阔', '犊', '雇', '缱', '髌', '阂', '阐', '屠', '屑', '阎', '犄', '髻', '臊', '屈', '隋', '缜', '勋', '雳', '髑', '屄', '犀', '屐', '阑', '阀', '朔', '缛', '缉', '屉', '朲', '缮', '朕', '矽', '勉', '犁', '髋', '犒', '缄', '矍', '髅', '阄', '臂', '缎', '雏', '朴', '缰', '圃', '隘', '邸', '髓', '屿', '缔', '隅', '隧', '臾', '缸', '缠', '犟', '隽', '阙', '隼', '缆', '矾', '阱', '阈']",骏,骷,驭,雌
36,骥,马,-0.916290731874155,"('馬', '马')","[10151, 98]",2,10151,17,35,"['骄', '骆', '骂', '骁', '骐', '骡', '骏', '骝', '骋', '骜', '骛']",11,"['驳', '驽', '驮', '驯', '驴', '驹', '驼', '驸', '驷', '驭', '驿']",11,"['骸', '骶', '骷', '骼']",4,"['勉', '隧', '臂', '缔', '矽', '雇', '隅', '犊', '勾', '缕', '圭', '圃', '阙', '屌', '隽', '缎', '隋', '阉', '屹', '朔', '邂', '缪', '隘', '阔', '缚', '臾', '雌', '缝', '髦', '邹', '邃', '邢', '犷', '犀', '朦', '雍', '缰', '缱', '圪', '缭', '犁', '缆', '犄', '缀', '阑', '屿', '缄', '朕', '隼', '雹', '髓', '雾', '邱', '缢', '矗', '屐', '矍', '屡', '屈', '朽', '犟', '勺', '阂', '屎', '阀', '勋', '犒', '勃', '犸', '邋', '阈', '缶', '臼', '臊', '屄', '矾', '缮', '髌', '朴', '髅', '臃', '邵', '邓', '圄', '缅', '髑', '髋', '阮']",骄,骷,驴,雇
37,骐,马,-0.9931717762101128,"('馬', '马')","[10151, 238]",2,10151,17,35,"['骄', '骆', '骂', '骁', '骥', '骡', '骏', '骝', '骋', '骜', '骛']",11,"['驳', '驽', '驮', '驯', '驴', '驹', '驼', '驸', '驷', '驭', '驿']",11,"['骸', '骶', '骷', '骼']",4,"['缮', '雇', '髌', '屈', '臼', '阔', '屎', '缨', '雏', '缪', '臾', '屄', '矗', '阀', '髅', '雾', '雁', '圃', '邂', '圭', '犁', '阙', '屌', '矽', '邵', '缠', '犸', '缤', '屉', '屿', '勉', '邢', '勘', '朕', '隅', '犄', '朔', '阂', '邱', '缚', '勃', '缆', '屹', '隋', '阉', '缸', '缜', '隧', '阐', '矍', '犟', '雹', '犷', '缶', '缀', '髦', '朲', '隘', '阑', '矾', '屐', '缛', '阮', '朵', '犒', '缝', '缥', '犀', '雍', '髻', '髓', '臆', '屠', '臂', '朽', '臃', '缢', '阈', '阱', '隽', '犊', '邓', '雌', '阄', '邸', '雳', '勾']",骂,骷,驴,朵
38,缶,缶,-2.7457520682862215,"('缶',)","[11337, 114]",2,11337,25,7,['缸'],1,"['罄', '罐', '罂', '罅']",4,"['缆', '缱', '缠', '缉', '缜', '缕', '缅', '缔', '缄', '缤', '缝', '缥', '缰', '缭', '缀', '缪', '缎', '缢', '缈', '缮', '缚', '缨', '缛']",23,"['邹', '骄', '屐', '阔', '隧', '勾', '朽', '圃', '隘', '屄', '勘', '犷', '邱', '屿', '圪', '雾', '阮', '髅', '屹', '阎', '朵', '骐', '骷', '骆', '骏', '屑', '隋', '阱', '骼', '雌', '髋', '髦', '勉', '屡', '骡', '圭', '勋', '朲', '犸', '邃', '骸', '邸', '矽', '阂', '阙', '雁', '阀', '骋', '髑', '圄', '犄', '邂', '屉', '隽', '邵', '臆', '犒', '屈', '臊', '骝', '犁', '勺', '臃', '骁', '勃', '臼', '骶', '犟', '阉', '髌', '雍', '阑', '矗', '邓', '矍', '屌', '隼', '雳', '屠', '臂']",缸,缉,罐,屑
39,犁,牛,0.09194087369835734,"('牜', '牛')","[19257, 223]",2,19257,9,18,"['犀', '犟']",2,"['牵', '牟', '牺']",3,"['犷', '犸']",2,"['隧', '阔', '髦', '雌', '骸', '骐', '雁', '屄', '朴', '髅', '隽', '屐', '屑', '邹', '屹', '骂', '邃', '隙', '骜', '骶', '缰', '臾', '矍', '缉', '缮', '朲', '缢', '雳', '骝', '勋', '朵', '骁', '矗', '缸', '屈', '邓', '骋', '朔', '髻', '缶', '阑', '勺', '臊', '邋', '阙', '阀', '屿', '缜', '圪', '矾', '骄', '阂', '雇', '阱', '雹', '圃', '缅', '缛', '缕', '朕', '缀', '缭', '骼', '邸', '雏', '缎', '髓', '矽', '屉', '髑', '雾', '缄', '阈', '臃', '阮', '屎', '勃', '缱', '缆', '雍', '邵', '屠', '隘', '臂', '缝', '圭', '勘', '缠', '骆', '缥', '臆', '骷', '缈', '缪']",犟,犷,牟,髻
40,阐,门,0.3930550880314829,"('門', '门')","[6218, 238]",2,6218,13,28,"['阎', '阔', '阙', '阉', '阀', '阑', '阈', '阂', '阄']",9,"['闷', '闸', '闹', '闺', '闰', '闩', '闾', '闯', '闵']",9,"['阮', '阱']",2,"['缉', '骋', '髻', '隽', '缶', '矽', '雹', '犊', '髋', '骶', '朲', '勾', '缭', '髅', '骜', '缢', '犄', '犷', '缪', '邸', '雇', '屈', '雌', '圃', '圪', '骐', '雾', '朦', '屎', '犸', '圄', '邃', '隅', '雏', '勉', '雳', '隼', '缆', '犀', '邂', '髦', '矾', '髌', '缛', '屌', '缎', '缨', '犟', '缱', '骆', '缸', '臃', '邹', '邋', '臼', '缅', '朽', '屿', '朴', '骏', '缄', '雁', '臂', '隧', '勃', '隋', '邵', '臆', '缠', '缰', '缮', '骁', '屡', '缕', '缥', '勋', '朕', '屄', '缀', '骝', '邱', '犒', '雍', '隘', '圭', '髓', '骼', '缔', '朔']",阔,阱,闺,臂
41,臆,月,0.23055601102966375,"('月',)","[4996, 228]",2,4996,7,115,"['臂', '臊', '臃']",3,"['肝', '胭', '肚', '腱', '膝', '胚', '胀', '腓', '肿', '脆', '肴', '脾', '腋', '胼', '肘', '脊', '胁', '肾', '腔', '脖', '肠', '肢', '腮', '肮', '肱', '胳', '腥', '脐', '朦', '腻', '胫', '膏', '脉', '膀', '朔', '脓', '腭', '肋', '胯', '脏', '膨', '膛', '胴', '腊', '胰', '肛', '膳', '肽', '腌', '膊', '腼', '朕', '脯', '膈', '膘', '胥', '腚', '脍', '腺', '胝', '胄', '胺', '胱', '肪', '腴', '胧', '胛', '腆', '腑', '膺', '肓']",71,"['臼', '臾']",2,"['屄', '髓', '屠', '缄', '骡', '缢', '矾', '缉', '阙', '邃', '缨', '犒', '屎', '圃', '朲', '缛', '缚', '朵', '缰', '邹', '髦', '隽', '隙', '骛', '缎', '骥', '朴', '骝', '缭', '缆', '缅', '缶', '勾', '圭', '阎', '犟', '邋', '骁', '阂', '犊', '缸', '雁', '朽', '缔', '髌', '屡', '勃', '缜', '阱', '隘', '缥', '缈', '骂', '隅', '勘', '骋', '雾', '阉', '雏', '屉', '骜', '矗', '矍', '髅', '骐', '屿', '犁', '隧', '缤', '屈', '犷', '缕', '屌', '骏', '髋', '缱', '圪', '阈', '邵', '邂', '矽', '缠', '犄', '犸', '雇', '髻', '髑', '阔', '缀', '骆', '圄']",臃,臼,腼,骋
42,朵,木,4.196961317208864,"('木',)","[985, 113]",2,985,7,210,"['朽', '朴', '朲']",3,"['枯', '橘', '橡', '楷', '柩', '枕', '椿', '柿', '桎', '榴', '枫', '榛', '棍', '栈', '梳', '栅', '桨', '樵', '杵', '槌', '棕', '槟', '柬', '樘', '棉', '橄', '樱', '椎', '栽', '梵', '棺', '栖', '橙', '槐', '槛', '楔', '榄', '梓', '杠', '柑', '柯', '樟', '枢', '樽', '椅', '榨', '柺', '桐', '梗', '椰', '樊', '桩', '柚', '栓', '桔', '榻', '杖', '枣', '橱', '榔', '枷', '檫', '桡', '梭', '桦', '棵', '楞', '棱', '桁', '杪', '棠', '枸', '橇', '棘', '椭', '枉', '柠', '椽', '桅', '楠', '檀', '柒', '栀', '桀', '槃', '榕', '桉', '榆', '楸', '桖', '榎', '栎', '椁', '椴', '槲', '梧', '杞', '栩', '杳', '棂', '桠', '梏', '桓', '楂', '梢', '枭', '楣', '榈', '槁', '檬', '栌', '檐', '榷', '杈', '楦', '梆', '榭', '榉', '枥']",119,"['朦', '朔', '朕']",3,"['矗', '圃', '骁', '屑', '屹', '缪', '臂', '屐', '缚', '屈', '屿', '臊', '屉', '雌', '邸', '骶', '矍', '隋', '骆', '臾', '缱', '髌', '勺', '犸', '屡', '雁', '缮', '阙', '雹', '勃', '缛', '邢', '臃', '缸', '犟', '缔', '阎', '骋', '缤', '勘', '矾', '骏', '勾', '邋', '犷', '髋', '雇', '缄', '缈', '邹', '邃', '隅', '缭', '勋', '臼', '圄', '阂', '勉', '雾', '缰', '阮', '隼', '骷', '缅', '缎', '缝', '邵', '骥', '阉', '髻', '雏', '缶', '阀', '骼', '雳', '屎', '缠', '隙', '髦', '隧', '圪', '阄', '骐', '缥', '骸', '隘', '犊', '骜', '髅', '骡', '阐', '缆', '阱', '阑']",朲,朕,楸,缛
43,阔,门,3.071549141855437,"('門', '门')","[6218, 242]",2,6218,13,28,"['阎', '阐', '阙', '阉', '阀', '阑', '阈', '阂', '阄']",9,"['闷', '闸', '闹', '闺', '闰', '闩', '闾', '闯', '闵']",9,"['阮', '阱']",2,"['骛', '犀', '骥', '屿', '缕', '缜', '雏', '犁', '犄', '圭', '缸', '朔', '缆', '骜', '骝', '隙', '臊', '缎', '朽', '骆', '缝', '雇', '犸', '屡', '勺', '邵', '屐', '臼', '勋', '勉', '髻', '犟', '缤', '隧', '臃', '犊', '骐', '矽', '臆', '朕', '圄', '缥', '屑', '骶', '缅', '雳', '邓', '邃', '缄', '缰', '缈', '骂', '屉', '髋', '雌', '矗', '矍', '邸', '骏', '圃', '缔', '骷', '骼', '缀', '缚', '髌', '屈', '缶', '勃', '隘', '勾', '犒', '屎', '隼', '髑', '屄', '朵', '骸', '朴', '雁', '邂', '屌', '隅', '邱', '缉', '缱', '雹', '缠', '髓', '勘']",阀,阮,闵,犊
44,隼,隹,-0.9670578489278083,"('隹',)","[11676, 120]",2,11676,8,13,['隽'],1,"['雍', '雏', '雌', '雇', '雁']",5,"['隋', '隙', '隧', '隅', '隘']",5,"['阀', '骼', '缉', '缸', '骝', '勘', '骷', '臊', '邓', '邸', '阑', '髅', '缅', '缝', '阂', '雳', '勾', '缱', '屌', '髻', '缭', '屐', '阔', '髑', '骥', '犒', '臆', '犁', '圭', '朵', '髓', '圃', '矍', '邱', '朕', '屄', '骸', '矾', '阮', '邵', '屠', '邋', '缰', '骂', '勺', '犟', '勉', '阄', '邂', '矗', '犷', '骜', '阙', '缕', '髌', '屑', '臂', '圄', '骐', '骶', '缠', '缎', '雹', '髋', '屉', '矽', '缆', '朔', '阎', '雾', '臾', '骆', '缤', '屈', '勋', '缥', '髦', '缶', '缛', '犄', '圪', '犸', '缨', '骄', '屹', '骡', '屿', '犊', '臼', '邹', '骛']",隽,隅,雏,圃
45,朦,月,2.127052439359217,"('月',)","[985, 99]",2,985,7,115,"['朔', '朕']",2,"['肝', '胭', '肚', '腱', '膝', '胚', '胀', '腓', '肿', '脆', '肴', '脾', '腋', '胼', '肘', '脊', '胁', '肾', '腔', '臂', '脖', '肠', '肢', '腮', '肮', '肱', '胳', '腥', '脐', '臆', '腻', '胫', '臊', '膏', '臃', '脉', '膀', '脓', '腭', '肋', '胯', '脏', '膨', '膛', '胴', '腊', '胰', '肛', '膳', '肽', '腌', '膊', '腼', '脯', '膈', '膘', '胥', '腚', '脍', '腺', '胝', '胄', '胺', '胱', '肪', '腴', '胧', '胛', '腆', '腑', '膺', '肓']",72,"['朽', '朴', '朵', '朲']",4,"['骶', '缕', '雁', '骛', '犷', '缀', '骂', '缝', '髻', '骁', '骼', '髌', '缱', '屑', '缥', '隼', '髓', '雾', '屿', '阑', '骡', '阀', '矾', '隽', '邂', '圄', '雹', '骐', '骆', '勾', '圪', '缪', '缆', '邸', '缉', '阂', '犄', '阮', '缠', '勘', '缅', '阄', '屄', '邢', '骜', '犸', '隧', '臾', '圃', '髋', '缸', '雌', '缔', '屐', '隘', '矽', '雍', '阉', '阔', '髑', '屈', '缚', '缎', '邵', '邋', '雇', '屠', '骸', '隋', '缨', '缄', '骄', '骝', '犒', '阱', '屉', '缈', '缜', '隙', '骏', '屎', '阈', '邹', '阎', '阙', '勋', '屹', '骋', '勉', '犊', '缭']",朕,朽,肴,阑
46,缤,纟,3.3927652644059294,"('糸', '纟')","[11337, 97]",2,11337,25,111,"['缆', '缱', '缠', '缉', '缜', '缕', '缅', '缔', '缄', '缝', '缥', '缰', '缭', '缀', '缪', '缎', '缢', '缈', '缮', '缚', '缨', '缛']",22,"['纺', '绉', '绅', '绳', '纤', '绰', '绵', '绮', '绣', '绚', '绞', '绸', '绶', '绨', '纱', '绽', '纾', '绀', '绯', '绥', '绊', '纰', '绒', '绦', '绷', '绢', '绻', '纶', '纭', '纫', '绎', '绔', '纣', '绌']",34,"['缶', '缸']",2,"['阉', '阑', '圭', '阄', '阔', '朲', '邸', '髓', '雇', '骆', '髌', '隙', '隘', '雁', '邢', '朦', '邋', '骡', '骏', '勺', '邂', '屌', '雾', '矽', '骋', '朽', '隼', '髻', '屿', '骜', '雌', '朴', '雳', '勋', '圪', '骐', '雏', '阮', '屹', '骁', '骷', '阙', '阐', '犁', '髑', '屉', '邱', '臼', '勉', '隋', '圃', '犷', '骂', '雍', '圄', '髅', '屠', '朕', '臊', '骄', '骸', '勃', '朔', '屄', '骝', '髋', '髦', '屐', '勘', '矗', '犀', '犸', '勾', '犄', '邵', '朵', '臾', '阂']",缅,缸,绷,圭
47,臊,月,0.3694233367608989,"('月',)","[4996, 232]",2,4996,7,115,"['臂', '臆', '臃']",3,"['肝', '胭', '肚', '腱', '膝', '胚', '胀', '腓', '肿', '脆', '肴', '脾', '腋', '胼', '肘', '脊', '胁', '肾', '腔', '脖', '肠', '肢', '腮', '肮', '肱', '胳', '腥', '脐', '朦', '腻', '胫', '膏', '脉', '膀', '朔', '脓', '腭', '肋', '胯', '脏', '膨', '膛', '胴', '腊', '胰', '肛', '膳', '肽', '腌', '膊', '腼', '朕', '脯', '膈', '膘', '胥', '腚', '脍', '腺', '胝', '胄', '胺', '胱', '肪', '腴', '胧', '胛', '腆', '腑', '膺', '肓']",71,"['臼', '臾']",2,"['勉', '屡', '髋', '邱', '缭', '朽', '雍', '髅', '隼', '髻', '雹', '屈', '屄', '雁', '犟', '缸', '缶', '阮', '骆', '矗', '犸', '阑', '缰', '雇', '骜', '圄', '缠', '缝', '勘', '邵', '缢', '雾', '勺', '骏', '犀', '缕', '阄', '髑', '缀', '阎', '雏', '隅', '屐', '屹', '雌', '屠', '屌', '阐', '朵', '隙', '骄', '圭', '隧', '朴', '缔', '缜', '缉', '阔', '缈', '缎', '屉', '缚', '邹', '髌', '阱', '邂', '邓', '邢', '矍', '骼', '圪', '阂', '阀', '骝', '隽', '犊', '缅', '邃', '雳', '缮', '隋', '髓', '缆', '髦', '阈', '骷', '屎', '勃', '缱', '勾', '骸', '勋', '朲', '缥']",臂,臼,胁,阔
48,阙,门,-0.18080271082468483,"('門', '门')","[6218, 247]",2,6218,13,28,"['阎', '阐', '阔', '阉', '阀', '阑', '阈', '阂', '阄']",9,"['闷', '闸', '闹', '闺', '闰', '闩', '闾', '闯', '闵']",9,"['阮', '阱']",2,"['缶', '邋', '邓', '朕', '骥', '缆', '臃', '屑', '髅', '缄', '邂', '缕', '犷', '骁', '缢', '矾', '缈', '勋', '骄', '朴', '髻', '屹', '朲', '邱', '勃', '缥', '犟', '缔', '圄', '勾', '屉', '髑', '骏', '缝', '骋', '缎', '屎', '骆', '邢', '缀', '屈', '臊', '雇', '髦', '雁', '臂', '缅', '骶', '骜', '朦', '邃', '朵', '圃', '隙', '犀', '缛', '髌', '骂', '屄', '缨', '缸', '臾', '缚', '屌', '朽', '犁', '矗', '臆', '髋', '骷', '圭', '屡', '雏', '犸', '骝', '朔', '屠', '犊', '犄', '缮', '隘', '隧', '矍', '邵', '隽', '骸', '屐', '缜', '犒', '屿']",阉,阮,闰,缔
49,髌,骨,-2.8251459729784574,"('骨',)","[30334, 234]",2,30334,7,11,"['髋', '髑', '髓', '髅']",4,"['骸', '骶', '骷', '骼']",4,"['髦', '髻']",2,"['骡', '缭', '朦', '圃', '圪', '雾', '隧', '犟', '缰', '阱', '缸', '雍', '屑', '雹', '缈', '屌', '勉', '邓', '骋', '缉', '缮', '邸', '阐', '矍', '阮', '阄', '阙', '缕', '阀', '缝', '圭', '骆', '邹', '雌', '骜', '雏', '矗', '骏', '缔', '勋', '勃', '朽', '缥', '缠', '犀', '骥', '雳', '朵', '阑', '臆', '阔', '隼', '邢', '屈', '骝', '骂', '隘', '朕', '缄', '矽', '邵', '朲', '屄', '邃', '骐', '缆', '屐', '邋', '阎', '矾', '邂', '缶', '雁', '屹', '圄', '阂', '犷', '缜', '隽', '犊', '臃', '屎', '缢', '阉', '骁', '臂', '犄', '臊', '缅', '犁', '雇']",髋,髻,骼,犷
50,缝,纟,3.138173232852208,"('糸', '纟')","[11337, 251]",2,11337,25,111,"['缆', '缱', '缠', '缉', '缜', '缕', '缅', '缔', '缄', '缤', '缥', '缰', '缭', '缀', '缪', '缎', '缢', '缈', '缮', '缚', '缨', '缛']",22,"['纺', '绉', '绅', '绳', '纤', '绰', '绵', '绮', '绣', '绚', '绞', '绸', '绶', '绨', '纱', '绽', '纾', '绀', '绯', '绥', '绊', '纰', '绒', '绦', '绷', '绢', '绻', '纶', '纭', '纫', '绎', '绔', '纣', '绌']",34,"['缶', '缸']",2,"['犊', '阈', '屡', '骋', '屈', '髑', '屑', '骥', '骂', '髅', '朦', '犀', '髦', '阂', '犄', '骷', '阀', '阔', '矽', '屐', '阮', '骡', '勃', '髌', '犁', '勺', '屿', '隙', '屉', '骁', '阑', '隅', '邵', '隋', '犒', '屌', '雍', '朲', '圪', '骄', '骐', '雏', '矗', '骏', '骸', '屄', '阎', '屠', '邂', '阙', '骝', '勉', '阄', '骆', '阱', '邸', '圭', '屹', '犷', '犸', '犟', '雇', '朕', '臃', '阉', '隼', '朴', '阐', '骛', '屎', '雌', '矾', '邢', '臊', '隘', '邋', '勾', '朔', '邃', '髓']",缈,缸,绢,犁
51,臃,月,0.2986961937148814,"('月',)","[4996, 225]",2,4996,7,115,"['臂', '臆', '臊']",3,"['肝', '胭', '肚', '腱', '膝', '胚', '胀', '腓', '肿', '脆', '肴', '脾', '腋', '胼', '肘', '脊', '胁', '肾', '腔', '脖', '肠', '肢', '腮', '肮', '肱', '胳', '腥', '脐', '朦', '腻', '胫', '膏', '脉', '膀', '朔', '脓', '腭', '肋', '胯', '脏', '膨', '膛', '胴', '腊', '胰', '肛', '膳', '肽', '腌', '膊', '腼', '朕', '脯', '膈', '膘', '胥', '腚', '脍', '腺', '胝', '胄', '胺', '胱', '肪', '腴', '胧', '胛', '腆', '腑', '膺', '肓']",71,"['臼', '臾']",2,"['朴', '缆', '缈', '雾', '圃', '缝', '缕', '隘', '骄', '缚', '屹', '阑', '阔', '骛', '阀', '屈', '勾', '犁', '屄', '骝', '骆', '缰', '屉', '阄', '邢', '犀', '犟', '缔', '雌', '阙', '缤', '屌', '髌', '屐', '缮', '髑', '雇', '圭', '阎', '邸', '阮', '阉', '骂', '缱', '邃', '缶', '髓', '圪', '勉', '骁', '隙', '缥', '髅', '圄', '缠', '勃', '隋', '骸', '骶', '阱', '隽', '屿', '隧', '缄', '隼', '勺', '髦', '髻', '矗', '缀', '朽', '骡', '骜', '缨', '邱', '朲', '雳', '骐', '邂', '缭', '骏', '阈', '朵', '犸', '勘', '邹', '雍', '邓', '矍', '髋', '缪', '缛', '骋']",臊,臼,腋,屹
52,阉,门,0.5122845590022348,"('門', '门')","[6218, 231]",2,6218,13,28,"['阎', '阐', '阔', '阙', '阀', '阑', '阈', '阂', '阄']",9,"['闷', '闸', '闹', '闺', '闰', '闩', '闾', '闯', '闵']",9,"['阮', '阱']",2,"['雌', '屑', '骼', '骶', '髑', '朵', '臾', '屉', '朕', '缪', '犀', '犁', '圄', '缸', '缠', '隘', '屐', '臊', '骆', '犸', '骡', '勺', '犒', '邋', '屿', '骁', '缛', '圭', '缈', '矾', '隧', '雾', '雳', '缅', '臼', '屹', '雇', '缤', '缰', '勾', '邸', '勘', '犟', '雍', '骸', '臃', '骛', '骋', '朴', '骐', '缢', '骝', '圃', '缕', '髌', '髻', '勉', '骏', '髅', '雏', '朦', '朲', '缥', '缮', '髋', '邵', '邹', '骥', '缔', '缝', '缱', '缄', '朽', '隼', '屎', '屈', '犊', '勋', '矍', '缜', '邓', '屌', '骂', '雹', '隽', '缨', '矽', '隅', '犷', '缉']",阈,阮,闾,髌
53,邹,阝,0.6320693310513549,"('邑', '阜', '阝')","[8867, 117]",2,8867,9,68,"['邓', '邸', '邢', '邵', '邱']",5,"['陨', '鄙', '隋', '郊', '隙', '陋', '陡', '郡', '陀', '郁', '郝', '陛', '隧', '阮', '隅', '郴', '鄂', '陲', '阱', '隘', '陇']",21,"['邋', '邂', '邃']",3,"['犸', '屈', '缸', '朴', '屿', '勉', '臃', '髓', '阙', '骆', '缢', '臊', '阑', '骥', '朦', '缀', '圃', '缎', '骛', '缮', '缛', '缕', '髅', '缔', '屠', '雌', '骜', '缅', '雁', '犄', '骼', '骄', '缶', '缄', '矍', '臾', '矽', '朽', '阄', '雏', '臼', '屡', '骂', '骁', '髑', '阐', '屉', '缪', '屹', '臆', '勘', '犁', '矗', '缭', '缈', '阎', '阂', '犀', '朔', '缰', '缨', '犒', '雹', '犷', '屌', '雍', '圪', '阉', '犊', '髌', '圄', '髦', '勾', '缠', '犟', '缥', '骝', '缱', '阈', '雳', '勃', '骷', '骡', '勺', '隽', '屐', '髻', '圭', '缚', '缤']",邢,邃,隅,臆
54,朔,月,1.298610030475007,"('月',)","[985, 242]",2,985,7,115,"['朦', '朕']",2,"['肝', '胭', '肚', '腱', '膝', '胚', '胀', '腓', '肿', '脆', '肴', '脾', '腋', '胼', '肘', '脊', '胁', '肾', '腔', '臂', '脖', '肠', '肢', '腮', '肮', '肱', '胳', '腥', '脐', '臆', '腻', '胫', '臊', '膏', '臃', '脉', '膀', '脓', '腭', '肋', '胯', '脏', '膨', '膛', '胴', '腊', '胰', '肛', '膳', '肽', '腌', '膊', '腼', '脯', '膈', '膘', '胥', '腚', '脍', '腺', '胝', '胄', '胺', '胱', '肪', '腴', '胧', '胛', '腆', '腑', '膺', '肓']",72,"['朽', '朴', '朵', '朲']",4,"['雹', '缨', '勘', '缉', '阎', '屄', '矾', '缚', '犄', '阙', '阈', '缠', '犁', '犀', '阀', '缅', '屿', '邋', '阂', '骁', '屎', '缪', '圄', '髋', '骄', '邵', '圪', '骐', '髑', '阔', '雍', '屌', '阮', '邃', '隽', '缸', '阱', '犷', '犟', '骝', '骸', '邢', '缔', '缈', '矗', '勾', '缄', '雁', '阉', '髻', '犊', '骶', '缶', '骜', '隧', '臾', '隋', '髓', '阑', '骋', '雌', '圭', '缀', '缮', '矽', '雳', '臼', '髅', '屹', '缱', '邂', '髦', '屉', '缜', '骛', '缭', '缤', '骥', '髌', '阄', '圃', '屠', '隼', '缛', '屡', '缎', '缕', '邸', '邓', '骷', '勉']",朦,朽,脊,邂
55,屡,尸,1.7834920548096278,"('尸',)","[4072, 94]",2,4072,11,27,"['屠', '屈', '屑', '屐', '屉', '屎', '屌', '屄']",8,"['尹', '尻']",2,"['屹', '屿']",2,"['缔', '缢', '勉', '缠', '阉', '臾', '邂', '髌', '缚', '矾', '阮', '髋', '犄', '朽', '雇', '臃', '阄', '阎', '缸', '犷', '朦', '朲', '髦', '勺', '缄', '骐', '髑', '缈', '缪', '缱', '犸', '臼', '骶', '阐', '雹', '勾', '骆', '勃', '隋', '缮', '缉', '缶', '邢', '圭', '缤', '缆', '缝', '臆', '髅', '雏', '朴', '骡', '骝', '髻', '缕', '雾', '骷', '缎', '犀', '勋', '隙', '隅', '邹', '犁', '雳', '阀', '隼', '矽', '骂', '髓', '邓', '骛', '隘', '阔', '圃', '圄', '朕', '骋', '朔', '矍', '犟', '矗', '骜', '缰', '阱', '雁', '骄', '邵', '邱', '阂']",屌,屿,尹,髦
56,邸,阝,0.1905377115652951,"('邑', '阜', '阝')","[8867, 116]",2,8867,9,68,"['邓', '邹', '邢', '邵', '邱']",5,"['陨', '鄙', '隋', '郊', '隙', '陋', '陡', '郡', '陀', '郁', '郝', '陛', '隧', '阮', '隅', '郴', '鄂', '陲', '阱', '隘', '陇']",21,"['邋', '邂', '邃']",3,"['臊', '缠', '隽', '朴', '臃', '缀', '骆', '骋', '缪', '犄', '髋', '屌', '阎', '矍', '雇', '缅', '犒', '勾', '犟', '髑', '骛', '缎', '勺', '屐', '屿', '屈', '矗', '屎', '屹', '朦', '缄', '缭', '屠', '骝', '隼', '缮', '屄', '缚', '阙', '缉', '骼', '圪', '缰', '朵', '缜', '缆', '勉', '犀', '屡', '雌', '勘', '髻', '雾', '屉', '雍', '阔', '臂', '朲', '缝', '骶', '勃', '阑', '矽', '犊', '缈', '骡', '阂', '阉', '雹', '缔', '缨', '髌', '朔', '骂', '圄', '缸', '骐', '阄', '阈', '雳', '缢', '勋', '雁', '髦', '犁', '阐', '屑', '缥', '阀', '朕', '臾']",邱,邋,隙,雍
57,屐,尸,-1.1363141558521213,"('尸',)","[4072, 238]",2,4072,11,27,"['屠', '屈', '屑', '屡', '屉', '屎', '屌', '屄']",8,"['尹', '尻']",2,"['屹', '屿']",2,"['骷', '隋', '勋', '缜', '犀', '矽', '邋', '犄', '雁', '犸', '缛', '骥', '骋', '骸', '缈', '缮', '阈', '骜', '缱', '邃', '缎', '朲', '臊', '邹', '圭', '隽', '朕', '骁', '臼', '隧', '缥', '髑', '缶', '勾', '邵', '缅', '雇', '犟', '髓', '缄', '隼', '阔', '髋', '骄', '髅', '骏', '犒', '朽', '缆', '圃', '骐', '雌', '缠', '臾', '缨', '阎', '缕', '矗', '雾', '臂', '骝', '缢', '朴', '臃', '缪', '朔', '隅', '缔', '阉', '阄', '雏', '骶', '骆', '邢', '勉', '隙', '雍', '隘', '雳', '缚', '缉', '缰', '邂', '勺', '骛', '勃', '犷', '雹', '阀', '阙']",屄,屹,尻,犄
58,邢,阝,0.2147080724931082,"('邑', '阜', '阝')","[8867, 95]",2,8867,9,68,"['邓', '邹', '邸', '邵', '邱']",5,"['陨', '鄙', '隋', '郊', '隙', '陋', '陡', '郡', '陀', '郁', '郝', '陛', '隧', '阮', '隅', '郴', '鄂', '陲', '阱', '隘', '陇']",21,"['邋', '邂', '邃']",3,"['骝', '髅', '缮', '阔', '犀', '髋', '朕', '髦', '矾', '阎', '缎', '缀', '臊', '雍', '朽', '屌', '雇', '缝', '阑', '犒', '屠', '犷', '缅', '勘', '缠', '臂', '骛', '屄', '勃', '朴', '髓', '犸', '朲', '圄', '屹', '雹', '雾', '勺', '骁', '缜', '犟', '骄', '缱', '圪', '缕', '骜', '阂', '犄', '矽', '缶', '阈', '缆', '骋', '屿', '勉', '骂', '臾', '骶', '屐', '臼', '缈', '屎', '勾', '骆', '圭', '缢', '隼', '屈', '骥', '臆', '阐', '屡', '骐', '髌', '缪', '屉', '犊', '缔', '朔', '髑', '缉', '矍', '缤', '雏', '阄', '缄']",邱,邋,隙,朽
59,骶,骨,-2.132842318406951,"('骨',)","[10151, 114]",2,10151,17,11,"['骸', '骷', '骼']",3,"['髌', '髋', '髑', '髓', '髅']",5,"['骄', '骆', '骂', '骁', '骥', '骐', '骡', '骏', '骝', '骋', '骜', '骛']",12,"['犷', '阉', '缀', '矍', '屉', '邢', '隽', '缶', '缆', '勉', '隧', '髦', '缤', '阮', '缪', '阐', '勋', '阱', '屈', '勘', '屹', '犒', '矾', '阎', '隅', '邵', '邓', '邋', '缠', '臊', '雌', '缔', '矽', '阂', '屡', '雇', '缢', '犊', '缈', '缕', '缎', '朕', '朦', '朲', '臾', '犀', '勃', '邱', '屠', '隙', '朴', '隼', '圭', '缮', '缸', '邃', '缥', '雏', '雍', '缅', '缛', '阄', '缝', '朵', '髻', '缜', '雾', '雳', '犄', '矗', '雁', '犁', '缰', '邹', '臆', '屄', '朽', '屎', '阀', '雹', '犸', '勾', '缨', '屑']",骸,骆,髅,朕
60,勉,力,2.6986259318543686,"('力',)","[9997, 231]",2,9997,6,25,"['勘', '勃', '勋']",3,"['劫', '劝', '劣', '劵', '劾']",5,"['勾', '勺']",2,"['阄', '骆', '骡', '雏', '朕', '屿', '缶', '缜', '邸', '犀', '阔', '骂', '隋', '雍', '圃', '阂', '朽', '阈', '隘', '骋', '朔', '屌', '缭', '缤', '犄', '缸', '骸', '骶', '隙', '臆', '邋', '阮', '雌', '缉', '髻', '缥', '屹', '缮', '缨', '缪', '臾', '犟', '髑', '隧', '犁', '屑', '缆', '臂', '犸', '屠', '邵', '骏', '髌', '骝', '雾', '隽', '阑', '髦', '朵', '屎', '阙', '隅', '朴', '屉', '邹', '邢', '矽', '骁', '邓', '屄', '骐', '雹', '缱', '雇', '缝', '缠', '骷', '骼', '骛', '臼', '阉', '圄', '髅', '朲', '骜', '缚', '缛', '邂', '缈', '圭', '犊', '雁', '缎', '缄']",勘,勺,劵,骡
61,邵,阝,1.1585150814011527,"('邑', '阜', '阝')","[8867, 113]",2,8867,9,68,"['邓', '邹', '邸', '邢', '邱']",5,"['陨', '鄙', '隋', '郊', '隙', '陋', '陡', '郡', '陀', '郁', '郝', '陛', '隧', '阮', '隅', '郴', '鄂', '陲', '阱', '隘', '陇']",21,"['邋', '邂', '邃']",3,"['髓', '雏', '朲', '阂', '骼', '圃', '缤', '屈', '骂', '髋', '阙', '隼', '犊', '骥', '隽', '雇', '骛', '犟', '缸', '勃', '臆', '缅', '雹', '阄', '屄', '雁', '矾', '圄', '骸', '雳', '犸', '屑', '缨', '缆', '矗', '屉', '缜', '骏', '骝', '勉', '缀', '骷', '缛', '臂', '屌', '缱', '圪', '缈', '缢', '朴', '屎', '犒', '朔', '缕', '屹', '缉', '骆', '阎', '勋', '缰', '勾', '缶', '勘', '阑', '屿', '髌', '缎', '朦', '阉', '缚', '骡', '髦', '髅', '缝', '朽', '髑', '骜', '阔', '缮', '屠', '缠', '缭', '阈', '朕', '屡', '雍', '臾']",邸,邃,郴,臆
62,犀,牛,3.014563841289115,"('牜', '牛')","[19257, 222]",2,19257,9,18,"['犁', '犟']",2,"['牵', '牟', '牺']",3,"['犷', '犸']",2,"['骸', '髻', '勃', '雏', '屿', '阔', '缝', '髅', '隽', '圭', '阐', '骜', '缔', '缅', '骼', '臂', '缈', '骐', '缨', '骝', '屌', '屠', '屈', '缸', '阂', '骷', '朕', '雌', '勋', '雾', '隙', '缜', '朵', '缆', '阀', '屉', '臊', '臃', '邃', '缤', '缉', '骋', '朴', '矗', '髓', '缛', '邱', '缎', '勾', '邵', '阑', '缰', '隅', '雁', '隋', '屹', '髑', '骏', '骂', '缪', '髋', '朔', '圃', '隼', '缮', '朲', '矾', '矽', '屎', '邂', '臼', '臆', '缚', '缕', '屄', '缭', '缠', '雇', '隘', '骛', '骆', '邢', '骡', '圪', '矍', '雍', '屐', '缄', '阈', '雹', '勘', '阄', '骁']",犁,犷,牟,阂
63,邱,阝,1.4816045409242156,"('邑', '阜', '阝')","[8867, 109]",2,8867,9,68,"['邓', '邹', '邸', '邢', '邵']",5,"['陨', '鄙', '隋', '郊', '隙', '陋', '陡', '郡', '陀', '郁', '郝', '陛', '隧', '阮', '隅', '郴', '鄂', '陲', '阱', '隘', '陇']",21,"['邋', '邂', '邃']",3,"['髓', '雁', '屉', '缥', '髋', '阑', '缈', '勾', '朔', '缸', '矽', '骐', '缕', '勘', '骋', '缔', '臾', '缠', '雾', '阐', '骝', '缝', '犁', '缭', '髦', '勉', '骁', '髌', '阉', '屄', '犸', '缉', '圭', '朽', '缤', '骄', '缛', '阄', '骂', '骜', '缰', '勃', '雍', '臊', '臃', '骛', '圃', '阈', '屑', '圪', '勋', '髻', '犟', '骶', '骆', '骥', '朵', '缶', '缨', '臂', '雌', '圄', '阙', '屿', '缀', '朕', '缜', '缱', '矾', '骡', '阀', '阔', '隽', '犒', '骸', '勺', '雏', '臼', '雳', '朦', '犷', '骼', '隼', '犊', '缢', '阎', '缆']",邢,邃,隅,臃
64,勋,力,5.639978972215082,"('力',)","[9997, 233]",2,9997,6,25,"['勘', '勃', '勉']",3,"['劫', '劝', '劣', '劵', '劾']",5,"['勾', '勺']",2,"['缨', '缜', '缢', '阔', '屎', '邂', '缸', '雏', '雁', '邸', '骄', '隽', '圄', '缚', '邱', '雳', '缉', '犸', '骶', '朦', '阀', '阄', '邋', '矾', '臼', '缔', '邹', '缛', '屹', '犄', '髻', '髋', '隋', '阮', '缎', '犷', '骁', '矍', '朵', '犊', '屿', '圭', '骜', '缱', '圪', '阎', '屐', '阈', '矽', '隅', '缅', '犀', '骂', '缀', '缶', '骥', '屡', '雾', '缄', '骐', '犟', '犁', '缈', '屉', '雹', '髑', '缕', '朽', '屌', '骝', '隘', '邵', '邢', '屄', '阑', '屑', '臊', '隙', '阙', '缪', '阉', '骼', '骡', '缮', '圃', '缥', '骏', '髌', '骆', '阐', '隼', '朲', '阂', '邃']",勘,勺,劵,骡
65,臼,臼,-0.1066947386709629,"('臼',)","[4996, 120]",2,4996,7,5,['臾'],1,"['舀', '舅', '舆']",3,"['臂', '臆', '臊', '臃']",4,"['缶', '隅', '朵', '缛', '隽', '犊', '犁', '骥', '邸', '隧', '骏', '缝', '骁', '髓', '矾', '雁', '髅', '朴', '朕', '犀', '圭', '骡', '缀', '缜', '雳', '犸', '缱', '屎', '阉', '缕', '朲', '缨', '缠', '缔', '隋', '阐', '骄', '阎', '缰', '缎', '雏', '阈', '缄', '勾', '朽', '缮', '勉', '矗', '矍', '犟', '屈', '阙', '雹', '缅', '矽', '缤', '骂', '缢', '髻', '骶', '邵', '阀', '阮', '邋', '隼', '屹', '朦', '邹', '骝', '勋', '圃', '雌', '缉', '骜', '缆', '圄', '骼', '邱', '邃', '屐', '朔', '屉', '邢', '骐', '屌', '髋', '骷', '雍', '阑', '隙', '屡', '屠', '雾', '缭', '勘', '邂']",臾,臆,舀,屐
66,缥,纟,-0.02245012883759187,"('糸', '纟')","[11337, 98]",2,11337,25,111,"['缆', '缱', '缠', '缉', '缜', '缕', '缅', '缔', '缄', '缤', '缝', '缰', '缭', '缀', '缪', '缎', '缢', '缈', '缮', '缚', '缨', '缛']",22,"['纺', '绉', '绅', '绳', '纤', '绰', '绵', '绮', '绣', '绚', '绞', '绸', '绶', '绨', '纱', '绽', '纾', '绀', '绯', '绥', '绊', '纰', '绒', '绦', '绷', '绢', '绻', '纶', '纭', '纫', '绎', '绔', '纣', '绌']",34,"['缶', '缸']",2,"['朲', '勘', '髑', '矾', '犸', '骥', '雹', '骋', '雌', '勾', '阂', '邱', '阐', '邓', '隼', '屑', '屿', '臼', '屡', '勉', '邋', '屎', '勃', '雳', '圪', '骛', '隙', '屌', '隋', '勋', '朦', '雍', '犒', '屈', '髻', '邢', '屐', '雏', '犟', '髋', '阱', '骂', '犷', '屉', '骝', '阔', '骐', '臂', '朕', '朔', '骼', '骷', '屄', '隧', '矗', '臾', '邵', '矽', '圄', '阉', '阙', '朽', '臃', '屹', '隽', '圃', '臊', '朵', '圭', '阀', '骶', '髌', '犀', '阑', '阈', '髅', '阄', '骡', '骄']",缮,缶,绔,骐
67,矽,石,-2.5383074265151158,"('石',)","[17749, 121]",2,17749,11,61,['矾'],1,"['砧', '磕', '磊', '砾', '硝', '碴', '砸', '硼', '碘', '磷', '砌', '碳', '砚', '砒', '硫', '磺', '礁', '磅', '碟', '碧', '碉', '砍', '砷', '碗', '砝', '硅', '碌', '磐', '碾', '磋', '碱', '砰', '砣', '硒', '硌', '砹', '碜', '礴', '砭', '砺', '砥']",41,"['矗', '矍']",2,"['邃', '阀', '屎', '圪', '阂', '屡', '屄', '阈', '犸', '雍', '缎', '髓', '缆', '骐', '阙', '骋', '骶', '隋', '朲', '犒', '雳', '缤', '缛', '骁', '骡', '雇', '雾', '朕', '骼', '骜', '邸', '缕', '雌', '髦', '屌', '缥', '勺', '缔', '骸', '邂', '邋', '阱', '雏', '缢', '缄', '缚', '圃', '屐', '屑', '邵', '髅', '雹', '隅', '臾', '犀', '臆', '阄', '缉', '骛', '缪', '臂', '缸', '臊', '缈', '朵', '缜', '邹', '阐', '骝', '朽', '缅', '阉', '邓', '阎', '骏', '骄', '犷', '隼', '勃', '缮', '缶', '髻', '缠', '缰', '阔', '臃', '骷', '邱', '隙', '缝', '犁', '阑', '邢', '骂', '勾', '髌', '犄']",矾,矍,砷,屐
68,圪,土,-2.672200548208513,"('土',)","[1556, 103]",2,1556,4,84,['圭'],1,"['垄', '坟', '埋', '坠', '垂', '堆', '堕', '堪', '坤', '壑', '坨', '垫', '墩', '坯', '堤', '垢', '堇', '垒', '坍', '垮', '坎', '垦', '埸', '壕', '壤', '坩', '埠', '堑', '坳', '墅', '垠', '坞', '垛', '坷', '墟', '埚', '垩', '垣']",38,"['圃', '圄']",2,"['阂', '骸', '勃', '犒', '矗', '雍', '犁', '阄', '臼', '雇', '勾', '朲', '缆', '屎', '缈', '犸', '邹', '缶', '朦', '阮', '犊', '屠', '骋', '髅', '矽', '骡', '骂', '屡', '隅', '骁', '勉', '朵', '勺', '雏', '臆', '隙', '缄', '骐', '雳', '邸', '邋', '阱', '缔', '屑', '缝', '阑', '犄', '骄', '阈', '缤', '矍', '骏', '朔', '阀', '缨', '阐', '缛', '缀', '骛', '髑', '缠', '邵', '邢', '臊', '犀', '缰', '朴', '邂', '臾', '犟', '屄', '隽', '屐', '髻', '雹', '邓', '犷', '矾', '骶', '缕', '勋', '朽', '屉', '髓', '骷', '缎', '屌', '骥', '缢', '髦', '雾', '缱', '髌', '骝', '雁', '阎']",圭,圃,坨,髓
69,缰,纟,-0.6955500651762556,"('糸', '纟')","[11337, 108]",2,11337,25,111,"['缆', '缱', '缠', '缉', '缜', '缕', '缅', '缔', '缄', '缤', '缝', '缥', '缭', '缀', '缪', '缎', '缢', '缈', '缮', '缚', '缨', '缛']",22,"['纺', '绉', '绅', '绳', '纤', '绰', '绵', '绮', '绣', '绚', '绞', '绸', '绶', '绨', '纱', '绽', '纾', '绀', '绯', '绥', '绊', '纰', '绒', '绦', '绷', '绢', '绻', '纶', '纭', '纫', '绎', '绔', '纣', '绌']",34,"['缶', '缸']",2,"['骡', '犒', '圭', '阐', '朦', '犊', '骂', '勋', '屄', '髓', '犀', '朕', '矽', '屑', '圪', '屉', '朴', '骛', '阎', '阀', '邓', '骷', '阄', '隋', '邹', '臼', '勃', '犸', '屠', '朲', '朵', '臆', '圄', '臾', '骁', '臃', '犟', '朔', '屿', '骝', '邸', '臂', '犷', '阱', '阈', '骋', '阔', '勘', '邱', '圃', '阙', '隅', '犄', '屐', '骏', '骶', '骐', '邂', '阑', '屌', '勉', '勺', '屹', '髦', '髑', '邵', '朽', '骼', '屈', '骜', '矗', '隘', '邋', '臊', '邢', '雏', '雍', '雾', '阉']",缱,缸,纫,阙
70,缭,纟,1.3304380403651535,"('糸', '纟')","[11337, 255]",2,11337,25,111,"['缆', '缱', '缠', '缉', '缜', '缕', '缅', '缔', '缄', '缤', '缝', '缥', '缰', '缀', '缪', '缎', '缢', '缈', '缮', '缚', '缨', '缛']",22,"['纺', '绉', '绅', '绳', '纤', '绰', '绵', '绮', '绣', '绚', '绞', '绸', '绶', '绨', '纱', '绽', '纾', '绀', '绯', '绥', '绊', '纰', '绒', '绦', '绷', '绢', '绻', '纶', '纭', '纫', '绎', '绔', '纣', '绌']",34,"['缶', '缸']",2,"['隘', '邓', '骁', '圄', '邃', '阐', '雍', '阑', '髅', '圭', '屉', '骏', '隧', '骋', '骼', '勘', '髻', '勋', '阈', '臊', '朕', '髦', '骡', '勉', '雌', '髓', '圃', '朵', '臾', '骂', '隅', '邂', '阎', '阙', '隋', '髌', '犷', '阔', '朴', '屈', '骆', '骄', '骶', '臆', '邵', '骝', '臃', '邋', '髋', '犀', '朽', '屌', '骐', '骸', '骜', '矍', '犁', '骛', '阉', '隽', '勃', '阄', '髑', '雁', '屠', '雹', '臂', '骷', '隼', '阮', '犸', '矗', '勾', '朔', '雇', '阂', '邹', '骥', '犄', '邱', '屎', '矾', '邸']",缕,缸,纺,隧
71,勺,勹,2.7685681505626847,"('勹',)","[9997, 118]",2,9997,6,9,['勾'],1,"['匀', '匈', '匆', '匍', '匐']",5,"['勘', '勃', '勉', '勋']",4,"['臂', '邂', '屠', '缅', '缄', '阔', '缤', '缭', '犀', '雏', '骝', '邃', '隋', '隅', '阐', '缀', '隧', '屑', '骜', '隘', '髑', '髓', '骼', '骡', '阄', '缉', '缆', '阑', '雍', '雇', '朲', '臆', '朔', '圭', '骆', '缝', '犁', '圃', '圄', '屹', '缠', '朕', '臃', '邵', '朵', '缜', '骏', '屐', '犟', '缮', '阂', '髻', '骛', '髋', '骸', '臊', '隽', '骷', '骥', '雳', '骄', '矾', '髦', '屄', '臼', '隼', '屌', '骁', '屿', '阮', '缨', '缸', '邋', '缰', '雌', '髌', '缱', '缶', '邸', '缕', '骂', '屉', '缎', '朦', '雁', '邢', '阱', '屎', '雾', '犊', '隙', '阙', '阉', '屈', '阈']",勾,勃,匀,缠
72,犒,牜,1.050576839629553,"('牜', '牛')","[19257, 240]",2,19257,9,18,"['犄', '犊']",2,"['牠', '牦']",2,"['犷', '犸']",2,"['阈', '矾', '圭', '勺', '缄', '邂', '缎', '屉', '矽', '髌', '缜', '邸', '雹', '缰', '勉', '缉', '缢', '骋', '雁', '勃', '骥', '缮', '勾', '髋', '骛', '屄', '屎', '朲', '骶', '臆', '屹', '勋', '缱', '缝', '阔', '缠', '骡', '阮', '矍', '雳', '缪', '臃', '雇', '臾', '隅', '髅', '髓', '阂', '隘', '隽', '缛', '阉', '朔', '骜', '髻', '朦', '阐', '缸', '屐', '雏', '矗', '缶', '朵', '隼', '勘', '隧', '骷', '缈', '臊', '骆', '屿', '缆', '缚', '圪', '缨', '骝', '邵', '屌', '骸', '阎', '邢', '髑', '邱', '缤', '臂', '缅', '阀', '雍', '骼', '骄', '邓', '阱', '朕', '骐', '邋']",犄,犷,牦,骥
73,骡,马,0.6831978497062772,"('馬', '马')","[10151, 94]",2,10151,17,35,"['骄', '骆', '骂', '骁', '骥', '骐', '骏', '骝', '骋', '骜', '骛']",11,"['驳', '驽', '驮', '驯', '驴', '驹', '驼', '驸', '驷', '驭', '驿']",11,"['骸', '骶', '骷', '骼']",4,"['邂', '犁', '圪', '邓', '缮', '邱', '屿', '缠', '屌', '阱', '缝', '阙', '屡', '邵', '屎', '缅', '犊', '缱', '勋', '髅', '缉', '缈', '屈', '雏', '隘', '雇', '缀', '髌', '邃', '阂', '屹', '屉', '阀', '隽', '屠', '犷', '隙', '圭', '阎', '髓', '阐', '阈', '髻', '朵', '朽', '缛', '雌', '缜', '臃', '阑', '朦', '髋', '阉', '犀', '矾', '雹', '缚', '勉', '隼', '矽', '髦', '缎', '缆', '臼', '邸', '缢', '犟', '臊', '缭', '阮', '朕', '缸', '屑', '髑', '臾', '朔', '缔', '缤', '犒', '缄', '缰', '隅', '缥', '屐', '矍', '缶', '犸', '臆', '雍', '隧', '圃']",骥,骶,驸,隼
74,阀,门,0.6399046191642257,"('門', '门')","[6218, 222]",2,6218,13,28,"['阎', '阐', '阔', '阙', '阉', '阑', '阈', '阂', '阄']",9,"['闷', '闸', '闹', '闺', '闰', '闩', '闾', '闯', '闵']",9,"['阮', '阱']",2,"['缜', '骐', '骸', '隅', '髋', '隙', '勉', '骋', '缚', '矗', '屌', '犸', '缛', '骆', '髑', '朕', '矾', '臂', '屡', '缆', '骶', '雹', '屉', '缀', '屐', '雳', '缤', '朦', '臃', '圭', '邓', '屿', '矽', '髌', '缸', '缝', '犁', '屈', '骝', '犊', '骷', '邸', '缮', '犒', '雍', '骥', '缱', '邂', '缨', '邃', '隽', '勋', '朴', '勾', '圃', '缕', '朔', '邋', '犷', '矍', '雏', '圄', '骼', '髓', '勺', '邱', '隧', '勘', '屄', '朽', '犄', '臾', '缈', '骄', '犟', '犀', '臊', '邵', '髻', '髦', '髅', '缄', '朵', '骂', '缭', '骛', '缪', '隼', '朲', '骜']",阄,阮,闾,矽
75,缀,纟,1.7454362596224104,"('糸', '纟')","[11337, 222]",2,11337,25,111,"['缆', '缱', '缠', '缉', '缜', '缕', '缅', '缔', '缄', '缤', '缝', '缥', '缰', '缭', '缪', '缎', '缢', '缈', '缮', '缚', '缨', '缛']",22,"['纺', '绉', '绅', '绳', '纤', '绰', '绵', '绮', '绣', '绚', '绞', '绸', '绶', '绨', '纱', '绽', '纾', '绀', '绯', '绥', '绊', '纰', '绒', '绦', '绷', '绢', '绻', '纶', '纭', '纫', '绎', '绔', '纣', '绌']",34,"['缶', '缸']",2,"['矍', '阙', '屹', '骂', '雌', '隙', '邋', '矗', '骐', '邢', '阎', '朽', '骶', '犟', '阮', '骛', '髋', '臼', '阈', '犷', '雾', '骋', '屌', '骏', '屐', '阐', '朵', '勘', '臾', '臊', '臆', '雁', '骼', '骁', '朦', '骝', '犊', '雏', '阱', '臂', '隅', '邓', '骜', '屿', '矽', '雹', '隋', '屄', '隼', '骡', '圭', '邹', '勾', '犒', '阀', '阂', '阔', '髻', '朕', '屎', '勉', '骄', '髑', '犄', '屈', '臃', '矾', '骷', '隘', '朔', '阉', '勃', '髌', '骸', '雍', '勋', '犁', '髅', '髓', '圃', '邱']",缝,缸,纱,臂
76,缪,纟,0.92564682679818,"('糸', '纟')","[11337, 103]",2,11337,25,111,"['缆', '缱', '缠', '缉', '缜', '缕', '缅', '缔', '缄', '缤', '缝', '缥', '缰', '缭', '缀', '缎', '缢', '缈', '缮', '缚', '缨', '缛']",22,"['纺', '绉', '绅', '绳', '纤', '绰', '绵', '绮', '绣', '绚', '绞', '绸', '绶', '绨', '纱', '绽', '纾', '绀', '绯', '绥', '绊', '纰', '绒', '绦', '绷', '绢', '绻', '纶', '纭', '纫', '绎', '绔', '纣', '绌']",34,"['缶', '缸']",2,"['骁', '犄', '阙', '阑', '骏', '圪', '雌', '雍', '阉', '臾', '犷', '雾', '雳', '屑', '骡', '屡', '隼', '骆', '勘', '屎', '勉', '矽', '骥', '邋', '髦', '勾', '朴', '朦', '矗', '隙', '邱', '阐', '屹', '骜', '屉', '圄', '矾', '犸', '屠', '邃', '隘', '邵', '骝', '勋', '骂', '犒', '髋', '臃', '邸', '雁', '勺', '骼', '髑', '骛', '臊', '隅', '臆', '阀', '邢', '臂', '屌', '髓', '髅', '雹', '屄', '阈', '臼', '朵', '髌', '犁', '犀', '邹', '阱', '朲', '隋', '骶', '阎', '犊', '邓', '邂']",缮,缶,绔,骝
77,犄,牜,-0.9041151559440217,"('牜', '牛')","[19257, 226]",2,19257,9,18,"['犒', '犊']",2,"['牠', '牦']",2,"['犷', '犸']",2,"['圭', '隙', '髋', '邱', '邢', '骐', '隅', '隽', '缶', '屎', '骡', '骸', '雹', '屑', '邹', '勋', '缈', '阈', '邋', '雍', '勉', '阔', '臾', '缀', '屿', '屠', '臊', '屹', '臼', '矍', '阐', '阙', '骏', '阑', '邃', '缆', '骆', '骛', '阄', '缠', '髓', '朦', '骥', '骂', '骶', '朴', '阎', '髅', '邂', '邓', '朕', '屌', '勃', '勾', '圄', '雇', '缸', '雾', '隋', '阀', '勘', '缤', '朽', '雁', '骄', '缕', '隼', '臃', '圪', '屄', '骁', '矗', '髌', '骷', '缚', '屈', '缅', '隘', '臂', '缨', '朔', '缎', '圃', '隧', '矽', '臆', '缪', '骜', '骋', '邸', '骝', '屡', '雏']",犒,犸,牠,雏
78,屉,尸,1.7419738097175195,"('尸',)","[4072, 231]",2,4072,11,27,"['屠', '屈', '屑', '屡', '屐', '屎', '屌', '屄']",8,"['尹', '尻']",2,"['屹', '屿']",2,"['骸', '雾', '勃', '雁', '雍', '骋', '骁', '邵', '朕', '邸', '缠', '骼', '邋', '髦', '缮', '缛', '骏', '勋', '邓', '勾', '阐', '骶', '缀', '阂', '阄', '雳', '犷', '缚', '邢', '阮', '臂', '隙', '臆', '隼', '缪', '勺', '隅', '犟', '勉', '缝', '骥', '缅', '臃', '阉', '髓', '犒', '朦', '髅', '缔', '阱', '矽', '犊', '缥', '阀', '雌', '骂', '髻', '骡', '圄', '犀', '臼', '缱', '朽', '缰', '朴', '髋', '缢', '朲', '骐', '犸', '隽', '朵', '骛', '缶', '缜', '髌', '隘', '矗', '隋', '缄', '勘', '矍', '阑', '雹', '邂', '阎', '缕', '阔', '缸', '缨', '邹', '雏']",屎,屿,尹,朵
79,隽,隹,-0.4203757208439185,"('隹',)","[11676, 121]",2,11676,8,13,['隼'],1,"['雍', '雏', '雌', '雇', '雁']",5,"['隋', '隙', '隧', '隅', '隘']",5,"['勘', '缭', '阂', '骐', '勋', '缚', '骷', '臊', '邱', '髑', '阮', '阀', '勾', '雾', '朽', '骂', '邹', '邃', '缸', '勃', '阈', '缈', '犄', '犒', '骛', '朲', '圭', '缮', '阱', '屌', '屿', '阑', '矽', '朔', '髅', '邓', '缝', '雳', '缢', '犀', '雹', '骄', '骜', '阉', '屉', '臾', '骝', '邢', '缛', '邂', '缉', '犟', '骥', '犁', '朕', '阙', '屈', '缪', '髓', '骡', '缠', '邵', '缅', '勉', '髋', '缕', '矍', '屹', '缨', '缎', '阄', '缜', '髻', '缀', '骋', '缄', '缆', '屎', '缰', '犊', '缥', '骶', '臆', '髦', '犷', '屄', '缱', '髌', '矾', '阔', '圪']",隼,隅,雏,骝
80,隧,阝,1.929199878349293,"('邑', '阜', '阝')","[11676, 100]",2,11676,8,68,"['隋', '隙', '隅', '隘']",4,"['陨', '邓', '鄙', '郊', '陋', '陡', '郡', '邹', '邸', '邢', '陀', '邵', '邱', '郁', '郝', '陛', '阮', '郴', '鄂', '陲', '阱', '陇']",22,"['隼', '隽']",2,"['髑', '骋', '雏', '朴', '雳', '髦', '勾', '邃', '缎', '缤', '矽', '屎', '朲', '勉', '阔', '骝', '缈', '臼', '髓', '圃', '骷', '屐', '髋', '髌', '屄', '犟', '缕', '缀', '雹', '阎', '臃', '缥', '屠', '骸', '缅', '骐', '臆', '屉', '雍', '犸', '雾', '缉', '犊', '缸', '缠', '雌', '臾', '髻', '缮', '勋', '缭', '朕', '屑', '缝', '犀', '犁', '勘', '缄', '缢', '缔', '雇', '骼', '臊', '阄', '缆', '朔', '骛', '屹', '矾', '矗', '朦', '骡', '臂', '屌', '缛', '阂', '骁', '骏', '犒', '骄', '朵', '骆', '圭', '缱', '邂', '矍', '缰']",隅,隽,邢,臆
81,阑,门,1.1141246802986182,"('門', '门')","[6218, 239]",2,6218,13,28,"['阎', '阐', '阔', '阙', '阉', '阀', '阈', '阂', '阄']",9,"['闷', '闸', '闹', '闺', '闰', '闩', '闾', '闯', '闵']",9,"['阮', '阱']",2,"['缅', '屌', '矾', '缪', '犄', '犒', '雾', '屡', '矗', '骂', '隽', '缤', '勃', '骸', '骄', '骁', '隧', '缠', '骝', '髅', '髻', '雍', '髋', '雇', '勘', '缔', '邵', '圄', '缮', '屿', '雏', '臂', '缈', '屄', '犷', '犀', '屠', '缜', '臆', '屎', '邹', '屹', '缰', '缥', '雁', '朔', '骜', '臃', '雳', '隼', '邓', '邂', '骏', '骋', '缸', '缚', '缝', '臊', '隙', '缱', '勋', '髌', '雌', '缕', '骥', '朴', '骡', '骐', '朕', '勺', '朵', '朦', '雹', '犟', '朲', '骛', '髦', '屉', '矍', '圃', '骷', '邢', '勾', '髓', '圪', '缄', '髑', '缆', '隅', '缭', '臼', '邸', '缀', '犊']",阂,阮,闰,邸
82,骏,马,1.5624301588267593,"('馬', '马')","[10151, 237]",2,10151,17,35,"['骄', '骆', '骂', '骁', '骥', '骐', '骡', '骝', '骋', '骜', '骛']",11,"['驳', '驽', '驮', '驯', '驴', '驹', '驼', '驸', '驷', '驭', '驿']",11,"['骸', '骶', '骷', '骼']",4,"['缔', '邓', '矽', '阀', '髋', '邃', '勺', '缕', '臂', '勘', '朴', '臆', '臃', '屹', '犁', '朦', '隅', '缠', '圭', '屡', '髻', '阂', '阄', '髓', '髌', '矾', '缄', '缰', '臾', '隘', '犷', '阙', '缎', '缪', '朕', '屄', '邵', '勉', '髦', '雁', '矍', '邹', '阈', '缭', '矗', '缛', '朵', '雏', '犒', '朔', '犀', '阮', '屿', '缀', '缝', '雌', '犟', '缱', '邸', '臊', '圪', '朲', '缤', '髅', '缉', '邂', '屉', '邢', '隋', '缜', '雇', '勃', '阐', '雳', '阑', '隙', '阉', '阔', '隧', '犊', '雹', '缶', '缚', '屑', '缈', '阎']",骆,骷,驭,雌
83,缎,纟,0.33117250352630934,"('糸', '纟')","[11337, 236]",2,11337,25,111,"['缆', '缱', '缠', '缉', '缜', '缕', '缅', '缔', '缄', '缤', '缝', '缥', '缰', '缭', '缀', '缪', '缢', '缈', '缮', '缚', '缨', '缛']",22,"['纺', '绉', '绅', '绳', '纤', '绰', '绵', '绮', '绣', '绚', '绞', '绸', '绶', '绨', '纱', '绽', '纾', '绀', '绯', '绥', '绊', '纰', '绒', '绦', '绷', '绢', '绻', '纶', '纭', '纫', '绎', '绔', '纣', '绌']",34,"['缶', '缸']",2,"['雌', '阄', '髋', '朵', '臂', '朦', '屐', '骥', '骐', '骋', '圭', '邓', '邵', '臼', '勃', '雳', '阑', '矗', '髦', '犄', '阔', '阎', '骼', '犟', '阈', '骸', '臊', '雍', '矽', '骝', '阉', '邢', '髑', '阂', '髅', '隙', '矍', '邹', '隅', '髌', '朕', '邸', '犸', '犷', '邋', '屑', '骆', '屹', '犒', '朽', '屉', '雾', '勺', '圪', '邱', '屄', '邂', '圃', '屎', '雁', '朲', '臆', '勉', '屈', '隋', '勘', '骁', '隼', '阮', '臾', '圄', '犊', '屡', '髻', '骛', '隽', '隧', '雏', '屌', '阀', '阐', '阱', '雹', '骄']",缱,缸,纫,臼
84,矗,目,-0.2802431433547825,"('目',)","[17749, 245]",2,17749,11,58,['矍'],1,"['盲', '瞎', '睾', '瞳', '眸', '盯', '睿', '瞩', '瞿', '瞅', '瞒', '睬', '瞪', '睹', '眩', '瞟', '睁', '瞥', '瞌', '眨', '盼', '眷', '睑', '瞧', '眛', '瞻', '瞄', '睇', '瞠', '眯', '瞑', '眶', '盹', '睫', '眺', '睚', '睐', '睦', '瞰', '眦', '眈', '睽']",42,"['矽', '矾']",2,"['雇', '隧', '邸', '隋', '阑', '缝', '邋', '缈', '屿', '缰', '缮', '缤', '犀', '屐', '骆', '屡', '缉', '阂', '犁', '髋', '阈', '骐', '勘', '朵', '骡', '缱', '勋', '邵', '雌', '缭', '屹', '犒', '骼', '圄', '屈', '隙', '缔', '勺', '缕', '骶', '骥', '骜', '缶', '勾', '臃', '缢', '屎', '髦', '缥', '阐', '缪', '圪', '阀', '阙', '缜', '缄', '犄', '臆', '缸', '阮', '阱', '隘', '髻', '阔', '骂', '臾', '圃', '隅', '屉', '隼', '雍', '屌', '缨', '邢', '雳', '缀', '雏', '缚', '圭', '骝', '髌', '雾', '骛', '骋', '缠', '邹', '骸', '朕', '邓', '雁', '缅', '臊', '朽', '骄', '勃', '髑', '髓']",矍,矽,睚,髑
85,矍,目,-2.091514122914105,"('目',)","[17749, 235]",2,17749,11,58,['矗'],1,"['盲', '瞎', '睾', '瞳', '眸', '盯', '睿', '瞩', '瞿', '瞅', '瞒', '睬', '瞪', '睹', '眩', '瞟', '睁', '瞥', '瞌', '眨', '盼', '眷', '睑', '瞧', '眛', '瞻', '瞄', '睇', '瞠', '眯', '瞑', '眶', '盹', '睫', '眺', '睚', '睐', '睦', '瞰', '眦', '眈', '睽']",42,"['矽', '矾']",2,"['阮', '髻', '隋', '臆', '圭', '隼', '缰', '缱', '骡', '屌', '骄', '缎', '犟', '缕', '朦', '骆', '雾', '屄', '髋', '勾', '勋', '骐', '邹', '骝', '朽', '屈', '邋', '隘', '犷', '隽', '缨', '勘', '朕', '朵', '臂', '骸', '雹', '骶', '犸', '隧', '雍', '髑', '圃', '骷', '邃', '缮', '隅', '骼', '髅', '邂', '阉', '隙', '阔', '朔', '缸', '屎', '缝', '缀', '勺', '屠', '缤', '雇', '雳', '骛', '缥', '犒', '勉', '雁', '髌', '邵', '阑', '圄', '缶', '阀', '朴', '阄', '骏', '缚', '邸', '髦', '髓', '犊', '屡', '骥', '犁', '屐', '缛', '屉', '雏', '屹', '臼', '缈', '缆', '阱', '勃', '犄']",矗,矾,眈,圃
86,阮,阝,0.41283786243757753,"('邑', '阜', '阝')","[6218, 106]",2,6218,13,68,['阱'],1,"['陨', '邓', '鄙', '隋', '郊', '隙', '陋', '陡', '郡', '邹', '邸', '邢', '陀', '邵', '邱', '郁', '郝', '陛', '隧', '隅', '郴', '鄂', '陲', '隘', '陇']",25,"['阎', '阐', '阔', '阙', '阉', '阀', '阑', '阈', '阂', '阄']",10,"['勘', '屈', '骝', '屉', '骂', '矍', '缥', '缄', '雌', '髻', '缕', '髑', '髓', '矾', '缜', '朔', '骸', '骜', '髌', '邂', '骡', '缅', '圄', '屌', '髦', '骐', '朲', '缢', '朵', '屿', '臊', '缰', '雾', '犟', '骷', '臆', '骆', '臼', '矗', '缭', '勉', '隼', '圪', '缨', '臂', '骋', '缀', '缆', '犷', '隽', '骼', '骄', '勾', '骛', '骏', '骶', '缸', '雳', '缶', '缮', '缚', '朦', '缝', '屎', '朽', '勺', '骥', '雏', '雁', '缪', '勋', '犄', '圭', '屄', '雇', '犒', '勃', '缔', '屹', '犸', '缠', '缱', '犀', '臃', '屑', '犁']",阱,阑,郊,缚
87,髋,骨,-0.48240014958228694,"('骨',)","[30334, 233]",2,30334,7,11,"['髌', '髑', '髓', '髅']",4,"['骸', '骶', '骷', '骼']",4,"['髦', '髻']",2,"['勃', '雳', '缉', '隽', '隘', '骛', '骜', '勘', '屄', '邱', '缄', '阂', '臼', '缢', '屎', '矾', '缱', '臾', '朲', '骝', '骐', '缪', '阐', '隧', '隙', '朔', '骄', '缮', '阮', '屡', '矽', '缝', '缅', '骋', '屿', '缸', '雍', '犸', '骏', '臃', '邵', '骆', '阱', '臆', '缚', '缠', '雏', '矗', '缔', '圭', '屠', '圃', '阑', '犊', '缎', '朵', '邋', '邸', '朕', '骂', '骥', '隼', '勺', '矍', '阄', '缀', '屉', '雹', '犄', '圄', '邓', '隋', '犷', '阙', '勉', '勾', '屌', '朦', '屑', '臂', '缛', '雾', '缨', '缆', '屐', '犟', '缥', '缜', '阉', '缶', '缰', '朽']",髓,髦,骷,圭
88,隅,阝,0.23055601102966375,"('邑', '阜', '阝')","[11676, 227]",2,11676,8,68,"['隋', '隙', '隧', '隘']",4,"['陨', '邓', '鄙', '郊', '陋', '陡', '郡', '邹', '邸', '邢', '陀', '邵', '邱', '郁', '郝', '陛', '阮', '郴', '鄂', '陲', '阱', '陇']",22,"['隼', '隽']",2,"['缝', '缎', '勾', '屑', '朽', '髓', '犊', '骄', '骡', '圃', '骐', '臂', '勋', '犁', '勉', '屄', '屐', '臆', '犀', '缶', '缰', '邋', '阈', '骜', '缸', '缜', '髻', '髋', '阀', '骥', '雁', '勺', '臼', '阐', '雇', '雹', '缛', '缚', '屡', '臾', '缨', '骂', '骼', '骶', '阙', '犄', '阎', '骷', '缄', '缢', '雍', '骏', '圭', '邂', '缠', '髦', '屉', '髅', '缥', '屠', '朦', '矗', '屈', '犸', '缅', '缈', '朴', '骋', '勃', '犟', '骁', '缉', '缭', '缤', '矽', '犒', '骆', '屹', '阂', '髑', '雌', '圪', '屿', '缀', '缪', '矾']",隋,隽,邵,犸
89,缸,缶,2.3455966885872934,"('缶',)","[11337, 116]",2,11337,25,7,['缶'],1,"['罄', '罐', '罂', '罅']",4,"['缆', '缱', '缠', '缉', '缜', '缕', '缅', '缔', '缄', '缤', '缝', '缥', '缰', '缭', '缀', '缪', '缎', '缢', '缈', '缮', '缚', '缨', '缛']",23,"['矗', '朲', '犷', '骂', '勉', '髦', '屐', '骝', '犄', '骼', '矽', '圪', '骸', '朕', '骋', '臃', '骡', '隧', '邸', '邹', '圄', '髋', '矾', '阄', '朦', '隼', '骆', '髌', '犒', '勃', '雹', '圃', '邋', '隋', '屉', '雌', '阈', '圭', '邂', '髓', '骶', '勘', '屹', '阔', '骏', '屎', '邃', '骁', '骥', '邢', '屠', '雾', '隅', '犊', '阐', '犟', '勋', '臊', '阀', '骜', '屌', '阙', '隙', '屈', '隽', '朽', '阱', '屿', '隘', '骛', '骐', '犁', '骷', '骄', '髻', '雍', '臾', '臂', '朴', '雁', '邱', '勾']",缶,缢,罅,圪
90,朕,月,1.1010759181060827,"('月',)","[985, 243]",2,985,7,115,"['朦', '朔']",2,"['肝', '胭', '肚', '腱', '膝', '胚', '胀', '腓', '肿', '脆', '肴', '脾', '腋', '胼', '肘', '脊', '胁', '肾', '腔', '臂', '脖', '肠', '肢', '腮', '肮', '肱', '胳', '腥', '脐', '臆', '腻', '胫', '臊', '膏', '臃', '脉', '膀', '脓', '腭', '肋', '胯', '脏', '膨', '膛', '胴', '腊', '胰', '肛', '膳', '肽', '腌', '膊', '腼', '脯', '膈', '膘', '胥', '腚', '脍', '腺', '胝', '胄', '胺', '胱', '肪', '腴', '胧', '胛', '腆', '腑', '膺', '肓']",72,"['朽', '朴', '朵', '朲']",4,"['阄', '阐', '矍', '犒', '阑', '髑', '屄', '阀', '骝', '髻', '缥', '矽', '屌', '隋', '阉', '屈', '髦', '阂', '骷', '缤', '犟', '雌', '雇', '屡', '矾', '骼', '骂', '犷', '骥', '缈', '髌', '骄', '犄', '骏', '犁', '邋', '邂', '髅', '邸', '骶', '隼', '雁', '邢', '勘', '邃', '勺', '阈', '骐', '阱', '屹', '雾', '阎', '缢', '屠', '臾', '邱', '髓', '圃', '矗', '雳', '隙', '缮', '缅', '犸', '圄', '缀', '勋', '骜', '缪', '屎', '缠', '髋', '屿', '骡', '骸', '缭', '缄', '圪', '骁', '屑', '犀', '缨', '隅', '勃', '雍', '骋', '臼', '缔', '隧', '缚', '缛', '缱']",朦,朽,脊,邂
91,雹,雨,0.34521958109288114,"('雨',)","[5546, 117]",2,5546,8,24,"['雾', '雳']",2,"['霉', '霎', '霓', '霰', '霾', '霜', '霹', '霄', '霭', '霆', '霖']",11,"['雍', '雏', '雌', '雇', '雁']",5,"['屿', '缔', '阉', '缢', '阂', '屑', '犒', '缶', '犁', '阑', '邹', '骂', '朔', '骥', '缚', '矍', '邱', '骡', '阔', '缎', '矗', '屎', '犄', '骛', '骆', '骼', '骷', '屐', '勃', '屈', '骐', '缀', '髻', '犷', '缉', '隋', '缄', '骁', '缜', '阄', '缱', '屉', '矾', '勉', '隧', '犊', '阎', '骋', '骄', '缅', '朲', '缪', '隘', '臃', '缨', '朽', '髅', '阐', '邸', '缤', '缕', '阙', '勘', '朴', '臂', '缮', '屡', '缥', '臊', '阀', '犟', '隙', '犀', '缛', '邢', '邂', '髌', '阮', '隼', '阈', '缠', '骝', '臾', '屄', '圭', '邃', '阱', '缆', '骜', '髓', '缸', '臆', '髦']",雾,雇,霜,屈
92,圭,土,1.6079568161523021,"('土',)","[1556, 255]",2,1556,4,84,['圪'],1,"['垄', '坟', '埋', '坠', '垂', '堆', '堕', '堪', '坤', '壑', '坨', '垫', '墩', '坯', '堤', '垢', '堇', '垒', '坍', '垮', '坎', '垦', '埸', '壕', '壤', '坩', '埠', '堑', '坳', '墅', '垠', '坞', '垛', '坷', '墟', '埚', '垩', '垣']",38,"['圃', '圄']",2,"['阐', '阮', '朲', '屑', '雏', '缄', '朦', '骷', '臃', '犊', '骶', '隅', '阄', '缭', '臼', '缔', '缢', '邵', '缠', '缈', '缰', '骼', '阙', '骄', '骥', '雇', '缸', '髻', '骂', '阱', '缨', '勾', '骆', '阎', '骸', '缥', '缪', '屠', '缱', '勉', '缤', '髌', '骁', '屐', '朴', '屉', '朕', '勋', '缛', '犸', '骏', '邢', '矍', '隧', '矽', '缚', '臾', '缜', '缅', '雳', '隋', '邸', '骋', '犄', '缉', '阑', '髦', '髑', '邱', '雹', '勘', '髅', '邹', '屎', '臊', '缀', '缝', '屄', '隙', '朽', '犒', '阔', '邃', '骐', '缕', '隽', '勺', '骡', '阂', '髋', '勃', '矾', '犷', '缎', '朔', '缮', '屹', '阉', '骛']",圪,圄,坩,阄
93,骷,骨,1.1237925871984078,"('骨',)","[10151, 115]",2,10151,17,11,"['骸', '骶', '骼']",3,"['髌', '髋', '髑', '髓', '髅']",5,"['骄', '骆', '骂', '骁', '骥', '骐', '骡', '骏', '骝', '骋', '骜', '骛']",12,"['圄', '屡', '矍', '勉', '缉', '屐', '邋', '阙', '矾', '缠', '缎', '邢', '臆', '犊', '犷', '勘', '缚', '阔', '缥', '犟', '缰', '犄', '雳', '隘', '屹', '缶', '圭', '雇', '缆', '臼', '朔', '隋', '隽', '朵', '朴', '勋', '隅', '缈', '阈', '缕', '臃', '邃', '屄', '缪', '圃', '屑', '缛', '犁', '屿', '犒', '矗', '缸', '圪', '邹', '缔', '缝', '髻', '邸', '犸', '缅', '臂', '朲', '阑', '阎', '阉', '勾', '邓', '缱', '邱', '阐', '阮', '髦', '臾', '缭', '隙', '犀', '勃', '朽', '缤', '缀', '屎', '阂', '雁', '朦', '缮']",骶,骜,髑,矍
94,屎,尸,4.135147356558034,"('尸',)","[4072, 236]",2,4072,11,27,"['屠', '屈', '屑', '屡', '屐', '屉', '屌', '屄']",8,"['尹', '尻']",2,"['屹', '屿']",2,"['缅', '缝', '朵', '骋', '阈', '圄', '骜', '缆', '骐', '朕', '朦', '缮', '缭', '隘', '阐', '雾', '阎', '邵', '臼', '缜', '缎', '邹', '阙', '髌', '缉', '骶', '髑', '邓', '阑', '圭', '骛', '朽', '勉', '隼', '骥', '阄', '缕', '骏', '缤', '犷', '骼', '犁', '勾', '髻', '犄', '邢', '髅', '臾', '邸', '雌', '犟', '矽', '缢', '缛', '缚', '勘', '骄', '勺', '犒', '缀', '缨', '臆', '雹', '骷', '矍', '犊', '缄', '髋', '骝', '臃', '阮', '骁', '邂', '隙', '矗', '缶', '朲', '缸', '阔', '缥', '缔', '犀', '犸', '臂', '雁', '阀', '骆', '雍', '隋', '缠']",屈,屿,尹,雾
95,屌,尸,1.8193584234188358,"('尸',)","[4072, 234]",2,4072,11,27,"['屠', '屈', '屑', '屡', '屐', '屉', '屎', '屄']",8,"['尹', '尻']",2,"['屹', '屿']",2,"['臾', '邓', '犸', '缕', '骄', '勘', '缰', '隅', '缱', '圃', '阐', '阈', '矾', '缛', '缄', '雇', '缥', '勾', '犀', '缤', '阔', '矽', '髑', '髻', '矍', '骷', '隘', '隼', '缨', '缶', '朴', '阎', '骼', '隧', '雁', '朲', '缎', '雳', '邋', '朦', '骝', '雍', '朵', '缝', '圭', '骋', '圪', '阑', '隽', '朽', '骸', '臊', '邃', '隙', '骏', '犁', '缉', '邵', '骛', '勺', '阄', '犷', '矗', '臼', '臂', '臆', '犟', '阮', '骶', '阱', '缢', '缔', '犒', '邱', '邹', '缅', '缭', '雹', '缸', '髌', '朕', '骜', '缀', '犊', '勉', '邸', '骡', '骥', '缪', '骂', '臃', '雾', '邢', '隋']",屄,屹,尻,骥
96,屄,尸,-0.8449007357874821,"('尸',)","[4072, 226]",2,4072,11,27,"['屠', '屈', '屑', '屡', '屐', '屉', '屎', '屌']",8,"['尹', '尻']",2,"['屹', '屿']",2,"['矍', '臾', '朔', '雌', '隅', '隋', '圄', '圪', '缠', '骐', '勉', '骥', '勾', '髦', '缤', '隽', '髻', '缆', '缄', '缶', '朲', '臆', '朽', '朴', '臂', '缸', '臃', '犷', '阀', '骸', '髑', '缀', '骄', '邓', '缪', '缰', '雍', '骁', '骆', '缨', '阮', '骡', '邂', '骼', '邱', '雳', '犀', '缥', '矾', '缝', '隧', '骏', '勋', '缕', '邸', '雁', '圃', '缔', '圭', '缚', '隼', '阉', '骂', '勘', '犒', '犟', '犸', '缱', '骷', '髋', '阱', '邃', '臊', '邢', '雾', '阂', '缜', '阑', '朦', '矗', '缭', '犄', '骶', '臼', '缅', '雇', '缈', '骜', '缉', '阐', '朕', '隙']",屉,屿,尹,缀
97,犟,牛,-0.5658099320987503,"('牜', '牛')","[19257, 253]",2,19257,9,18,"['犁', '犀']",2,"['牵', '牟', '牺']",3,"['犷', '犸']",2,"['缠', '朕', '阂', '勘', '髑', '骥', '缮', '骝', '缜', '缤', '屠', '髦', '邋', '阉', '骂', '隽', '隧', '隼', '髋', '臂', '雇', '骷', '髌', '缄', '邃', '骛', '臃', '骁', '雏', '邹', '隙', '骡', '朦', '屈', '骏', '缱', '阮', '缎', '阀', '缕', '隘', '缚', '屿', '勾', '雳', '雁', '雹', '缶', '雍', '朔', '骆', '屡', '邱', '缈', '骼', '雾', '矗', '缆', '圭', '缉', '缪', '缀', '屌', '朲', '勺', '缢', '朽', '缥', '雌', '邂', '屎', '屉', '髓', '圄', '阈', '矾', '屑', '圃', '圪', '缭', '隅', '邸', '邢', '阔', '缔', '缨', '阄', '臊', '矽', '勉', '屹', '阎']",犁,犷,牟,阂
98,阈,门,-3.114515809543958,"('門', '门')","[6218, 230]",2,6218,13,28,"['阎', '阐', '阔', '阙', '阉', '阀', '阑', '阂', '阄']",9,"['闷', '闸', '闹', '闺', '闰', '闩', '闾', '闯', '闵']",9,"['阮', '阱']",2,"['屈', '臾', '勾', '朲', '骛', '髅', '屎', '髑', '勉', '雇', '邵', '犷', '雁', '缠', '缱', '骐', '邋', '髻', '隋', '缸', '勃', '矗', '犒', '屄', '髋', '臼', '隽', '朴', '朕', '骶', '臆', '缅', '骜', '圄', '邹', '犀', '犟', '臂', '髦', '骷', '朦', '隘', '缝', '朵', '邱', '犊', '缎', '缀', '雾', '缈', '圭', '缨', '屹', '邓', '屠', '缰', '邢', '缜', '屉', '缕', '臊', '矾', '骥', '圃', '缶', '髌', '屌', '隼', '缥', '骆', '缄', '矍', '缤', '邃', '骄', '骸', '缭', '骼', '缪', '雍', '朽', '犄', '骁', '骏', '屑', '屿', '圪', '臃', '勋', '雌']",阑,阮,闵,髅
99,髑,骨,-2.052604887726276,"('骨',)","[30334, 239]",2,30334,7,11,"['髌', '髋', '髓', '髅']",4,"['骸', '骶', '骷', '骼']",4,"['髦', '髻']",2,"['犄', '邂', '阔', '圪', '阮', '缨', '缤', '阉', '阙', '邓', '隘', '雹', '骥', '缆', '骁', '骡', '缄', '屠', '骐', '骂', '圄', '勘', '骏', '臂', '朵', '邃', '阑', '阂', '臃', '臊', '圃', '勋', '臾', '缢', '缚', '朔', '隽', '缠', '朕', '雳', '屑', '屌', '骝', '邵', '犀', '屈', '屐', '矗', '缜', '缶', '朴', '缱', '勃', '臼', '阄', '阀', '缭', '缝', '勺', '骜', '阎', '屹', '隅', '缅', '缥', '屉', '缰', '矾', '犁', '阈', '阱', '朲', '隙', '雍', '骋', '缀', '邸', '雇', '雾', '朦', '隼', '犷', '缎', '屿', '屡', '矍', '犒', '邹', '邱', '隋', '缪']",髋,髻,骼,犷
100,朲,木,-1.8140050781753747,"('木',)","[985, 110]",2,985,7,210,"['朽', '朴', '朵']",3,"['枯', '橘', '橡', '楷', '柩', '枕', '椿', '柿', '桎', '榴', '枫', '榛', '棍', '栈', '梳', '栅', '桨', '樵', '杵', '槌', '棕', '槟', '柬', '樘', '棉', '橄', '樱', '椎', '栽', '梵', '棺', '栖', '橙', '槐', '槛', '楔', '榄', '梓', '杠', '柑', '柯', '樟', '枢', '樽', '椅', '榨', '柺', '桐', '梗', '椰', '樊', '桩', '柚', '栓', '桔', '榻', '杖', '枣', '橱', '榔', '枷', '檫', '桡', '梭', '桦', '棵', '楞', '棱', '桁', '杪', '棠', '枸', '橇', '棘', '椭', '枉', '柠', '椽', '桅', '楠', '檀', '柒', '栀', '桀', '槃', '榕', '桉', '榆', '楸', '桖', '榎', '栎', '椁', '椴', '槲', '梧', '杞', '栩', '杳', '棂', '桠', '梏', '桓', '楂', '梢', '枭', '楣', '榈', '槁', '檬', '栌', '檐', '榷', '杈', '楦', '梆', '榭', '榉', '枥']",119,"['朦', '朔', '朕']",3,"['骂', '阀', '骆', '臃', '缭', '犊', '髻', '雳', '邹', '阱', '臂', '缕', '阙', '屎', '髌', '缀', '缮', '屿', '雾', '骛', '缉', '缈', '圭', '勃', '屄', '髋', '缶', '邃', '缅', '犄', '隙', '隽', '臆', '缄', '矍', '勺', '矗', '犸', '骼', '屡', '勋', '髦', '髅', '勉', '臊', '邸', '阈', '缆', '阎', '圃', '缥', '屠', '隼', '骏', '骸', '缠', '屌', '阄', '雌', '勾', '缛', '骷', '邢', '骜', '隘', '阑', '犀', '骶', '髑', '阔', '邵', '缢', '邱', '骋', '隅', '邓', '犒', '雏', '雍', '犁', '骐', '犷', '屑', '邋', '隧', '阮', '骄', '臾', '缨', '雁', '屉', '邂', '骁', '缪', '阉']",朵,朦,棉,屎
101,骝,马,-0.9800295728411619,"('馬', '马')","[10151, 251]",2,10151,17,35,"['骄', '骆', '骂', '骁', '骥', '骐', '骡', '骏', '骋', '骜', '骛']",11,"['驳', '驽', '驮', '驯', '驴', '驹', '驼', '驸', '驷', '驭', '驿']",11,"['骸', '骶', '骷', '骼']",4,"['雇', '屠', '雳', '臊', '髌', '雹', '邋', '缀', '屡', '阔', '缜', '缆', '屐', '髦', '圃', '缪', '邵', '矗', '朴', '髋', '阀', '缥', '缎', '雾', '邃', '臼', '缭', '犊', '屹', '阑', '圪', '隋', '缝', '缠', '犸', '圄', '缸', '髓', '缮', '隧', '朵', '屌', '缤', '矽', '缱', '缉', '犁', '阮', '雍', '屈', '屿', '阱', '臃', '缚', '阄', '缰', '雌', '雏', '缶', '阎', '臆', '屎', '邂', '勋', '缛', '髑', '隅', '邢', '朔', '缔', '邓', '邸', '隼', '隘', '屑', '阂', '阙', '勺', '犷', '缄', '隙', '犀', '阐', '矍', '缢', '缅', '勘', '勉']",骂,骷,驴,朵
102,犷,犭,-0.5232356438426722,"('犬', '犭')","[19257, 115]",2,19257,9,46,['犸'],1,"['狩', '狙', '猕', '狮', '狡', '狒', '狭', '猿', '獠', '狱', '猩', '猝', '猖', '猥', '猢', '狄', '獭', '猡', '獗', '狲', '猬', '狈', '猾']",23,"['犁', '犀', '犒', '犄', '犟', '犊']",6,"['雹', '髦', '邵', '邱', '屡', '朔', '骼', '缭', '雌', '缜', '阙', '阂', '雍', '朲', '圃', '阮', '缢', '屌', '缀', '屿', '阀', '勉', '缤', '缅', '邃', '骜', '髌', '缰', '屹', '朵', '骸', '髻', '邹', '阉', '骆', '缆', '髑', '圭', '矍', '隼', '邸', '屈', '雇', '雏', '骥', '屐', '隅', '阈', '骛', '臼', '雾', '缱', '朽', '矽', '缉', '骷', '邢', '雁', '隘', '骁', '阐', '髓', '缚', '臆', '骂', '圪', '阔', '邋', '朴', '隙', '隧', '骏', '缮', '阄', '缎', '缶', '邂', '阱', '屉', '缛', '勃', '矗', '勾', '阑', '臊', '缸', '缥', '邓', '缪', '屄', '屠', '朕', '勺', '缈']",犸,犒,猾,朔
103,阱,阝,1.9836324874583593,"('邑', '阜', '阝')","[6218, 109]",2,6218,13,68,['阮'],1,"['陨', '邓', '鄙', '隋', '郊', '隙', '陋', '陡', '郡', '邹', '邸', '邢', '陀', '邵', '邱', '郁', '郝', '陛', '隧', '隅', '郴', '鄂', '陲', '隘', '陇']",25,"['阎', '阐', '阔', '阙', '阉', '阀', '阑', '阈', '阂', '阄']",10,"['勃', '缀', '圪', '雹', '勾', '髋', '矗', '髦', '缢', '犸', '犷', '屎', '勉', '骄', '缆', '雾', '缕', '骋', '犟', '屡', '矾', '臆', '缔', '朴', '骡', '缱', '屌', '缚', '缶', '屹', '圭', '圄', '屉', '髅', '隽', '朵', '勋', '邂', '勺', '缸', '犄', '缥', '缠', '缰', '雍', '臂', '骂', '缉', '朦', '屑', '犁', '矽', '缄', '缎', '缪', '雁', '邃', '臾', '骏', '骆', '骛', '邋', '犀', '缅', '髻', '骜', '缜', '朕', '朽', '臼', '朔', '骶', '骷', '骁', '屄', '屿', '犒', '圃', '矍', '骼', '屠', '屈', '雏', '骐', '骸', '屐']",阮,阐,隅,屹
104,屿,山,2.0670146466717085,"('山',)","[4072, 123]",2,4072,11,42,['屹'],1,"['崩', '嵌', '巅', '峙', '峻', '岔', '嵩', '巍', '崇', '岬', '崽', '岂', '崔', '峨', '崭', '崛', '岚', '崴', '岐', '峭', '嶙', '岑', '崖', '岘', '岌', '岖', '峦', '嶂', '峋']",29,"['屠', '屈', '屑', '屡', '屐', '屉', '屎', '屌', '屄']",9,"['髓', '臊', '矽', '邂', '骸', '缄', '犊', '阱', '缔', '阄', '朽', '骄', '阙', '雳', '缤', '骆', '雌', '骐', '勺', '缈', '缝', '骛', '缭', '隘', '雾', '缕', '阮', '缎', '圭', '犒', '邃', '骶', '髑', '臾', '阉', '朲', '缸', '骼', '缉', '缀', '邋', '圪', '邹', '阀', '阑', '圃', '邵', '髌', '隽', '雍', '雁', '勃', '犄', '缶', '缪', '雏', '缠', '骏', '缰', '髅', '骂', '缨', '隋', '犀', '骋', '臆', '勘', '缅', '矍', '勾', '阂', '隼', '髻', '缜', '臼', '矾', '臂', '邸', '缛', '阐', '髋', '朔', '骡', '缮', '朴', '骝', '缆', '缥', '臃', '缱', '缚', '犷']",屹,屄,峭,臊
105,圃,囗,-0.36903675149461285,"('囗', '口')","[1556, 225]",2,1556,4,321,['圄'],1,"['囚', '囧', '囤', '囫', '囹', '囟', '囡', '囗', '囱', '囵']",10,"['圪', '圭']",2,"['阎', '阮', '隋', '勋', '髑', '髋', '阈', '朔', '隽', '朵', '朦', '朲', '阔', '缄', '勃', '邓', '雁', '勺', '臆', '臊', '缔', '勘', '阑', '骋', '阄', '臂', '缈', '骄', '邂', '邸', '缠', '阉', '缭', '缚', '勾', '屹', '矍', '隼', '缸', '缆', '缪', '缛', '屈', '缥', '骶', '雾', '骁', '骝', '缤', '邱', '骂', '阙', '骡', '雳', '屐', '骥', '缜', '犒', '屡', '屠', '骐', '屎', '邵', '矾', '骜', '骆', '屿', '阂', '矽', '臼', '犟', '屌', '犷', '雹', '雌', '犀', '髦', '雍', '隘', '缉', '缰', '隙', '犁', '邋', '缎', '髌', '臾', '犸', '隅', '勉', '骏', '臃', '犄', '屉', '屑', '阐', '髻']",圄,圪,囫,骜
106,隘,阝,0.9715362061001336,"('邑', '阜', '阝')","[11676, 246]",2,11676,8,68,"['隋', '隙', '隧', '隅']",4,"['陨', '邓', '鄙', '郊', '陋', '陡', '郡', '邹', '邸', '邢', '陀', '邵', '邱', '郁', '郝', '陛', '阮', '郴', '鄂', '陲', '阱', '陇']",22,"['隼', '隽']",2,"['骛', '骄', '邂', '犷', '缚', '勘', '骝', '臊', '屄', '臃', '骁', '朽', '朲', '阔', '勋', '阄', '朕', '骶', '勾', '圃', '缝', '雌', '缰', '缀', '勃', '犀', '阎', '臂', '缈', '阑', '缛', '缱', '朵', '屌', '屹', '邃', '骡', '雍', '雹', '髋', '阐', '髌', '缸', '屎', '屉', '朦', '缜', '雁', '阈', '骋', '矾', '缔', '圪', '髅', '缉', '骥', '臾', '阙', '矍', '髑', '臼', '阀', '屈', '犄', '雳', '圭', '犸', '骂', '缆', '屿', '阉', '屠', '骏', '矽', '骜', '髦', '犟', '屐', '雇', '髓', '骷', '勺', '缮', '缶', '缎', '髻', '缪']",隅,隽,邢,臃
107,缢,纟,-2.266253163746655,"('糸', '纟')","[11337, 95]",2,11337,25,111,"['缆', '缱', '缠', '缉', '缜', '缕', '缅', '缔', '缄', '缤', '缝', '缥', '缰', '缭', '缀', '缪', '缎', '缈', '缮', '缚', '缨', '缛']",22,"['纺', '绉', '绅', '绳', '纤', '绰', '绵', '绮', '绣', '绚', '绞', '绸', '绶', '绨', '纱', '绽', '纾', '绀', '绯', '绥', '绊', '纰', '绒', '绦', '绷', '绢', '绻', '纶', '纭', '纫', '绎', '绔', '纣', '绌']",34,"['缶', '缸']",2,"['骡', '屈', '髅', '圃', '臊', '髓', '骶', '阐', '朕', '阑', '邋', '屉', '犊', '隧', '阙', '骆', '犀', '骂', '臃', '阱', '隼', '邱', '骏', '骸', '骼', '屐', '朲', '臼', '犷', '阄', '勉', '阈', '骋', '犟', '隘', '隋', '臂', '雇', '屿', '隅', '矾', '雍', '勘', '骄', '屎', '髋', '朵', '阎', '矗', '犄', '髌', '雌', '阀', '屄', '矽', '勃', '隙', '屠', '勾', '邃', '雳', '朦', '邂', '阉', '邓', '骷', '髻', '朔', '骜', '髦', '圄', '雹', '屡', '骐', '犒', '阮', '邹']",缪,缸,绮,隘
108,髓,骨,1.6039830617511366,"('骨',)","[30334, 241]",2,30334,7,11,"['髌', '髋', '髑', '髅']",4,"['骸', '骶', '骷', '骼']",4,"['髦', '髻']",2,"['缉', '圄', '犸', '缤', '阎', '隽', '屎', '骏', '屿', '圭', '屉', '阔', '臆', '犀', '犟', '勉', '缔', '臊', '缅', '屈', '朕', '隅', '缈', '缀', '阂', '圃', '骁', '矾', '邹', '屌', '缎', '矽', '朴', '缰', '圪', '邱', '隼', '矗', '勘', '缝', '犁', '邢', '缭', '朽', '缄', '朲', '邓', '阄', '缚', '骡', '臃', '阉', '雁', '朵', '缜', '勺', '勃', '缱', '犷', '缥', '犊', '阙', '缠', '阀', '隧', '骥', '屑', '雹', '隘', '骄', '缛', '雾', '缮', '隋', '骆', '缨', '勋', '隙', '雏', '雍', '缕', '勾', '臾', '矍', '骐', '邵', '缢', '缶', '缆', '阈']",髅,髦,骸,朕
109,骋,马,0.3132767171132615,"('馬', '马')","[10151, 233]",2,10151,17,35,"['骄', '骆', '骂', '骁', '骥', '骐', '骡', '骏', '骝', '骜', '骛']",11,"['驳', '驽', '驮', '驯', '驴', '驹', '驼', '驸', '驷', '驭', '驿']",11,"['骸', '骶', '骷', '骼']",4,"['犊', '勺', '屑', '缤', '阙', '雾', '朕', '缝', '缈', '朵', '缄', '髦', '邋', '阀', '阔', '缱', '雁', '阮', '隅', '屿', '屉', '缀', '屄', '矗', '缜', '邸', '圄', '朲', '邃', '勃', '阂', '髋', '缠', '臆', '邓', '隽', '雍', '屹', '隋', '邢', '雏', '圭', '阑', '隘', '缕', '屈', '臂', '髑', '邵', '邂', '犟', '缮', '臃', '缅', '缛', '缔', '勋', '缢', '髅', '缸', '阉', '缨', '勾', '髻', '犒', '雹', '缰', '屐', '犷', '雌', '隧', '朔', '犄', '邹', '缪', '屡', '勘', '矽', '臾', '朴', '朦', '圃', '雳', '屠']",骆,骷,驭,雌
110,犸,犭,1.298610030475007,"('犬', '犭')","[19257, 116]",2,19257,9,46,['犷'],1,"['狩', '狙', '猕', '狮', '狡', '狒', '狭', '猿', '獠', '狱', '猩', '猝', '猖', '猥', '猢', '狄', '獭', '猡', '獗', '狲', '猬', '狈', '猾']",23,"['犁', '犀', '犒', '犄', '犟', '犊']",6,"['隅', '矗', '阀', '缔', '勺', '隧', '阉', '骏', '骄', '雾', '缄', '屠', '邂', '缢', '雳', '缭', '雏', '缮', '缀', '圭', '骂', '阎', '朲', '缱', '骶', '缶', '骷', '骸', '髦', '雍', '雇', '圃', '屌', '髋', '屄', '屈', '朽', '勘', '骼', '圪', '邋', '臾', '髻', '隼', '阙', '臆', '缅', '骜', '屎', '勃', '雁', '臂', '邹', '朵', '髌', '缉', '骛', '矍', '隽', '屹', '缪', '邃', '邵', '缥', '屉', '缕', '屡', '缈', '缎', '朔', '阐', '髑', '骆', '缜', '缰', '邱', '骋', '朴', '圄', '阔', '屑', '勋', '朦', '缆', '骝', '臊', '矾', '阂', '阑', '缝', '雌', '臃', '邢', '臼']",犷,犟,猡,髻
111,矾,石,-1.1999807830563984,"('石',)","[17749, 122]",2,17749,11,61,['矽'],1,"['砧', '磕', '磊', '砾', '硝', '碴', '砸', '硼', '碘', '磷', '砌', '碳', '砚', '砒', '硫', '磺', '礁', '磅', '碟', '碧', '碉', '砍', '砷', '碗', '砝', '硅', '碌', '磐', '碾', '磋', '碱', '砰', '砣', '硒', '硌', '砹', '碜', '礴', '砭', '砺', '砥']",41,"['矗', '矍']",2,"['髋', '圭', '缮', '阱', '缤', '雍', '缜', '邓', '勋', '缱', '朔', '犷', '屡', '勘', '勺', '缶', '骁', '缀', '骜', '缅', '缕', '髅', '圪', '屠', '缆', '阮', '邹', '阑', '犸', '臊', '髑', '屹', '犀', '邋', '骐', '隼', '隧', '骏', '骄', '雹', '雁', '圃', '雏', '臂', '骥', '屉', '朵', '阔', '勃', '邂', '缢', '缔', '勉', '骸', '犟', '朲', '缨', '臼', '缈', '邵', '阄', '骼', '邃', '骷', '髦', '缭', '邸', '雌', '隽', '缰', '隘', '阎', '屌', '朴', '犄', '骛', '臃', '隋', '骋', '屎', '阉', '犁', '邱', '骝', '缸', '屿', '屄', '髓', '雳', '髻', '缄', '隙', '缎', '髌', '朕', '骆', '阙']",矽,矍,砭,阄
112,缈,纟,0.036331929247390204,"('糸', '纟')","[11337, 230]",2,11337,25,111,"['缆', '缱', '缠', '缉', '缜', '缕', '缅', '缔', '缄', '缤', '缝', '缥', '缰', '缭', '缀', '缪', '缎', '缢', '缮', '缚', '缨', '缛']",22,"['纺', '绉', '绅', '绳', '纤', '绰', '绵', '绮', '绣', '绚', '绞', '绸', '绶', '绨', '纱', '绽', '纾', '绀', '绯', '绥', '绊', '纰', '绒', '绦', '绷', '绢', '绻', '纶', '纭', '纫', '绎', '绔', '纣', '绌']",34,"['缶', '缸']",2,"['屹', '屈', '勾', '阄', '隘', '勺', '雾', '朴', '阎', '臂', '雍', '隅', '勉', '矾', '臼', '犒', '屿', '骝', '犸', '阮', '矗', '雹', '骥', '骄', '邵', '邸', '髅', '朲', '隽', '勃', '骜', '屡', '朵', '骷', '圃', '髋', '阀', '阑', '屑', '邂', '邢', '骸', '雇', '髌', '阉', '犀', '屠', '雌', '髑', '髻', '阈', '勋', '阂', '屌', '臊', '骐', '雏', '圄', '骶', '屄', '朔', '臃', '骋', '矍', '骛', '朽', '勘', '圭', '隙', '骂', '骏', '朦', '犷', '屐', '雁', '朕', '邋', '犄', '隼', '邹', '隋']",缪,缸,绮,隘
113,髦,髟,1.770127169100941,"('髟',)","[30334, 99]",2,30334,7,5,['髻'],1,"['鬓', '鬣', '鬃']",3,"['髌', '髋', '髑', '髓', '髅']",5,"['骛', '缪', '阎', '邓', '臾', '缱', '屿', '邵', '缰', '雳', '矍', '隘', '阈', '缨', '屄', '勃', '圄', '朵', '缅', '矽', '缮', '缜', '阀', '屹', '阄', '臃', '缛', '缶', '骏', '阙', '缉', '犒', '朦', '邱', '缕', '隽', '臆', '雍', '阉', '邂', '屌', '犷', '朴', '犀', '骜', '骋', '缎', '雹', '阐', '骂', '阱', '阮', '勋', '骁', '屐', '缸', '缆', '屈', '骝', '隼', '矾', '骐', '臂', '阔', '犸', '骼', '缠', '邸', '朔', '屑', '缚', '犟', '犄', '隋', '圭', '雾', '骄', '邢', '缢', '隅', '骡', '犊', '缀', '邹', '臼', '屠', '骆', '臊', '骸', '缄', '勘', '骶', '隙', '邃', '勉', '雇']",髻,髋,鬃,犷
114,圄,囗,-1.359457707166331,"('囗', '口')","[1556, 226]",2,1556,4,321,['圃'],1,"['囚', '囧', '囤', '囫', '囹', '囟', '囡', '囗', '囱', '囵']",10,"['圪', '圭']",2,"['屑', '缶', '勃', '隼', '犟', '阱', '雳', '臃', '隧', '屿', '犷', '阀', '缨', '朲', '朔', '缥', '屄', '屡', '阮', '髓', '阉', '阄', '隽', '髦', '阙', '邵', '髻', '缭', '缮', '矍', '骸', '骛', '朦', '骆', '缛', '骷', '雌', '犁', '骁', '缈', '缕', '骼', '骶', '雹', '雇', '缝', '勘', '骄', '髋', '髑', '缱', '屐', '屠', '缉', '犀', '勉', '邓', '邂', '缰', '邱', '隅', '朕', '雾', '缠', '缔', '髅', '邹', '缢', '阎', '犒', '邃', '雍', '勋', '勾', '隋', '臂', '缄', '屎', '阑', '雁', '犊', '阔', '雏', '髌', '骥', '屹', '邋', '屌', '骜', '朵', '缆', '缅', '缸', '骡', '缪', '朽']",圃,圭,囵,隽
115,雳,雨,1.659046788986116,"('雨',)","[5546, 111]",2,5546,8,24,"['雾', '雹']",2,"['霉', '霎', '霓', '霰', '霾', '霜', '霹', '霄', '霭', '霆', '霖']",11,"['雍', '雏', '雌', '雇', '雁']",5,"['犄', '缎', '屠', '缆', '缄', '圭', '邹', '隧', '缸', '犒', '隅', '骂', '犷', '阙', '勺', '朵', '髋', '邃', '阱', '阑', '犸', '骛', '臂', '阎', '缪', '朽', '邂', '缠', '屌', '隙', '骶', '缱', '缚', '朔', '阮', '朦', '矽', '缝', '屹', '邵', '屉', '缶', '屑', '屄', '髦', '朲', '矗', '骸', '骆', '骥', '缤', '阐', '犀', '缰', '勃', '缮', '隋', '髌', '圃', '缈', '骏', '缨', '矾', '邱', '阈', '矍', '髅', '骡', '臆', '臊', '屐', '缅', '缔', '犊', '隽', '圄', '骷', '阔', '阂', '犁', '犟', '邓', '屿', '邸', '勋', '勘', '臼', '朴', '勾', '骝', '缜', '屈', '屎']",雹,雏,霎,屹
116,犊,牜,0.6188545759780902,"('牜', '牛')","[19257, 232]",2,19257,9,18,"['犒', '犄']",2,"['牠', '牦']",2,"['犷', '犸']",2,"['朽', '邃', '缆', '朵', '阱', '邵', '缶', '阉', '髓', '缅', '勉', '骷', '缜', '屐', '阙', '矗', '缤', '勃', '朴', '雾', '缄', '隋', '骆', '臊', '阔', '屿', '骝', '缪', '圪', '雌', '缸', '屎', '勘', '骼', '屈', '缝', '缛', '圭', '邱', '邂', '骛', '缚', '缀', '缔', '隘', '臆', '阀', '骶', '骂', '臾', '缭', '隽', '朕', '缰', '隅', '朲', '阐', '矽', '髦', '缨', '阈', '邹', '圃', '骜', '雳', '屹', '髅', '缱', '阎', '臂', '朔', '骁', '邢', '邋', '雁', '屄', '缕', '缥', '阑', '雇', '缢', '雹', '骥', '骄', '阂', '雏', '缈', '矾', '勺', '骡', '骐', '隧', '髌', '雍']",犒,犸,牠,雏
117,邃,辶,0.7436976991578464,"('辶',)","[8867, 225]",2,8867,9,81,"['邋', '邂']",2,"['迂', '逾', '遨', '逮', '遐', '遏', '迸', '迄', '逗', '迦', '逞', '遁', '遒', '遴', '逍', '逢', '迭', '逛', '迥', '逝', '遛', '遢', '逅', '迢', '迩']",25,"['邓', '邹', '邸', '邢', '邵', '邱']",6,"['缮', '骼', '屹', '骷', '雁', '髓', '犊', '骄', '勘', '骥', '隘', '雏', '雾', '雇', '阉', '犒', '隋', '雌', '朽', '髋', '缶', '阔', '缥', '骐', '缰', '朴', '缅', '矍', '骜', '圭', '隙', '勃', '屉', '矗', '骶', '阐', '犁', '臼', '朵', '缪', '缠', '屡', '髑', '屌', '骂', '阙', '朔', '骆', '缆', '屑', '勾', '屈', '缛', '骏', '骋', '缈', '缜', '臃', '髌', '阈', '犄', '阑', '臆', '屐', '阱', '隼', '缚', '矾', '犷', '屄', '缱', '缸', '雹', '阎', '朕', '雳', '髻', '缢', '臊', '缝', '缀', '隧', '隽', '缨', '阮', '隅', '阄', '骁', '犸', '骝', '屎', '屿', '阂']",邋,邱,遢,雳
118,缮,纟,-1.0202633222571333,"('糸', '纟')","[11337, 106]",2,11337,25,111,"['缆', '缱', '缠', '缉', '缜', '缕', '缅', '缔', '缄', '缤', '缝', '缥', '缰', '缭', '缀', '缪', '缎', '缢', '缈', '缚', '缨', '缛']",22,"['纺', '绉', '绅', '绳', '纤', '绰', '绵', '绮', '绣', '绚', '绞', '绸', '绶', '绨', '纱', '绽', '纾', '绀', '绯', '绥', '绊', '纰', '绒', '绦', '绷', '绢', '绻', '纶', '纭', '纫', '绎', '绔', '纣', '绌']",34,"['缶', '缸']",2,"['臃', '臼', '髅', '臊', '骶', '圃', '犷', '朲', '犟', '屉', '阄', '矍', '骁', '骼', '朔', '骏', '隅', '屎', '犒', '雹', '雌', '阑', '雁', '骛', '邸', '矾', '阙', '勃', '屐', '邱', '邹', '雇', '圪', '屹', '臾', '邢', '骐', '骷', '屄', '隋', '骥', '朴', '矽', '骂', '髋', '屈', '邓', '邋', '阂', '骋', '朦', '雏', '勾', '髻', '隼', '犸', '臆', '阔', '屑', '邂', '圭', '髌', '阈', '矗', '骜', '臂', '雳', '犀', '勋', '隘', '阎', '屡', '勺', '骝', '隧', '阉', '朕', '髦', '阮', '阱']",缜,缶,绻,圃
119,缚,纟,2.0352675814274557,"('糸', '纟')","[11337, 248]",2,11337,25,111,"['缆', '缱', '缠', '缉', '缜', '缕', '缅', '缔', '缄', '缤', '缝', '缥', '缰', '缭', '缀', '缪', '缎', '缢', '缈', '缮', '缨', '缛']",22,"['纺', '绉', '绅', '绳', '纤', '绰', '绵', '绮', '绣', '绚', '绞', '绸', '绶', '绨', '纱', '绽', '纾', '绀', '绯', '绥', '绊', '纰', '绒', '绦', '绷', '绢', '绻', '纶', '纭', '纫', '绎', '绔', '纣', '绌']",34,"['缶', '缸']",2,"['矗', '骷', '雁', '勘', '邂', '雳', '阐', '隘', '髓', '邃', '邢', '骏', '臃', '髅', '隼', '雹', '骥', '矽', '朦', '圭', '雾', '勉', '邓', '隽', '屈', '勾', '臊', '犄', '邱', '骝', '雍', '臂', '骶', '犀', '骡', '圄', '犁', '朲', '朽', '邸', '阎', '屠', '阮', '圃', '阂', '勃', '屉', '隋', '阔', '阈', '阙', '臼', '矍', '骄', '隧', '骜', '勋', '髌', '骋', '臾', '阑', '邹', '雇', '屿', '屄', '髻', '犊', '勺', '阄', '髑', '朔', '屌', '矾', '骸', '阀', '髦', '髋', '朴', '圪', '犸']",缨,缶,绥,髻
120,骼,骨,0.7828507636417239,"('骨',)","[10151, 120]",2,10151,17,11,"['骸', '骶', '骷']",3,"['髌', '髋', '髑', '髓', '髅']",5,"['骄', '骆', '骂', '骁', '骥', '骐', '骡', '骏', '骝', '骋', '骜', '骛']",12,"['矍', '臊', '圄', '阙', '矽', '屡', '屠', '勺', '屈', '邂', '缉', '勃', '髦', '阎', '臾', '朴', '雇', '缔', '屑', '阮', '缥', '犀', '圃', '雌', '矾', '邓', '雍', '隅', '朵', '犷', '隙', '邱', '犟', '朽', '缛', '朲', '雳', '缱', '圭', '雾', '隋', '邃', '朦', '屄', '邢', '缜', '矗', '缢', '屌', '朕', '臼', '雏', '髻', '犒', '缮', '阉', '缅', '缆', '屿', '屉', '缪', '屎', '阐', '阂', '缀', '犊', '邵', '阀', '朔', '臃', '勘', '勉', '缤', '勋', '缄', '缠', '屹', '雹', '圪', '缕', '缶', '邹', '臆', '缭', '缸', '雁', '隼']",骶,骜,髑,矍
121,臾,臼,-1.1211646931386212,"('臼',)","[4996, 122]",2,4996,7,5,['臼'],1,"['舀', '舅', '舆']",3,"['臂', '臆', '臊', '臃']",4,"['犷', '缰', '屎', '邂', '邸', '缎', '骜', '朴', '邵', '屹', '隧', '雏', '骸', '屉', '缸', '缱', '邃', '勺', '圃', '骝', '雍', '雳', '犸', '隋', '缤', '矗', '骂', '矾', '髑', '邋', '髦', '骥', '阂', '骄', '犀', '圪', '髋', '朦', '矍', '缄', '圭', '矽', '雇', '隼', '阈', '隽', '阱', '屌', '阐', '屄', '缆', '骡', '勋', '屿', '缠', '朕', '屐', '缕', '隅', '阑', '缉', '缝', '朲', '阎', '阔', '隙', '骆', '缭', '髌', '犟', '邢', '犁', '骏', '髻', '邓', '犄', '勉', '屠', '髅', '骋', '缜', '勃', '髓', '屑', '骐', '屡', '雌', '缥', '骶', '阮', '缨', '阀', '阙', '雾', '邹', '缮', '缪', '朔', '犊']",臼,臆,舀,缱
122,缨,纟,-0.6286711613755805,"('糸', '纟')","[11337, 101]",2,11337,25,111,"['缆', '缱', '缠', '缉', '缜', '缕', '缅', '缔', '缄', '缤', '缝', '缥', '缰', '缭', '缀', '缪', '缎', '缢', '缈', '缮', '缚', '缛']",22,"['纺', '绉', '绅', '绳', '纤', '绰', '绵', '绮', '绣', '绚', '绞', '绸', '绶', '绨', '纱', '绽', '纾', '绀', '绯', '绥', '绊', '纰', '绒', '绦', '绷', '绢', '绻', '纶', '纭', '纫', '绎', '绔', '纣', '绌']",34,"['缶', '缸']",2,"['臆', '犟', '邸', '矾', '骷', '圪', '隼', '雁', '雾', '臃', '骸', '勘', '屌', '髦', '阉', '矽', '臂', '朦', '朽', '屐', '隽', '骛', '骆', '屿', '圭', '隘', '勾', '隙', '髑', '髋', '骡', '邂', '勉', '骄', '隅', '阄', '阑', '雳', '犷', '骝', '犸', '骼', '骥', '雹', '阎', '犒', '屄', '骶', '屎', '犊', '矗', '阙', '朲', '邵', '邹', '犁', '圃', '臾', '臼', '朴', '朔', '雍', '髓', '屈', '矍', '屑', '邱', '阂', '隧', '骜', '隋', '髻', '勺', '阱', '屠', '阐', '屹', '圄', '屡', '阀', '邋']",缈,缸,绢,犁
123,髅,骨,1.115764347485675,"('骨',)","[30334, 227]",2,30334,7,11,"['髌', '髋', '髑', '髓']",4,"['骸', '骶', '骷', '骼']",4,"['髦', '髻']",2,"['屡', '朲', '骝', '屐', '骂', '邱', '缀', '阉', '阄', '缭', '朴', '犀', '臼', '缚', '屌', '阮', '朦', '缝', '缱', '臊', '屹', '雇', '雌', '勃', '邸', '缈', '缔', '屉', '矽', '屈', '阐', '邃', '勺', '阱', '缆', '隧', '缥', '隼', '矾', '犁', '朽', '屠', '骆', '雏', '朵', '邂', '阑', '圪', '缮', '隘', '屄', '屿', '隋', '雹', '勉', '邹', '骄', '犒', '圭', '屑', '缨', '骋', '臆', '骥', '缄', '朕', '阂', '雍', '阔', '雁', '隅', '犟', '勘', '朔', '矗', '犷', '圃', '阈', '骁', '骛', '缪', '骡', '阀', '缛', '邋', '犄', '缤', '缢', '骐', '阎', '矍']",髌,髻,骶,圪
124,阂,门,0.1360158039174431,"('門', '门')","[6218, 224]",2,6218,13,28,"['阎', '阐', '阔', '阙', '阉', '阀', '阑', '阈', '阄']",9,"['闷', '闸', '闹', '闺', '闰', '闩', '闾', '闯', '闵']",9,"['阮', '阱']",2,"['髓', '犀', '缆', '隧', '臂', '圄', '骡', '髌', '邹', '缄', '屹', '屈', '雳', '屿', '缚', '朔', '朲', '雇', '缉', '屌', '缅', '骁', '邃', '骛', '缰', '邢', '朦', '勘', '矗', '骥', '矾', '骄', '勺', '犟', '隼', '邂', '髅', '缮', '臼', '圪', '邋', '屑', '臊', '臾', '屠', '缤', '雏', '犄', '邵', '屡', '雁', '勃', '矽', '犒', '臆', '缥', '隽', '犁', '缀', '朕', '髻', '隋', '骂', '缕', '缭', '骏', '缶', '雹', '骷', '臃', '勾', '犷', '勉', '雍', '骼', '屐', '朵', '圃', '隙', '缝', '缔', '雾', '骶', '髋', '隅', '骝', '邸', '屄', '骸', '屎']",阑,阮,闵,髅
125,髻,髟,-0.4985677263704886,"('髟',)","[30334, 119]",2,30334,7,5,['髦'],1,"['鬓', '鬣', '鬃']",3,"['髌', '髋', '髑', '髓', '髅']",5,"['朦', '隅', '屠', '邸', '缀', '缛', '缢', '骡', '骁', '阂', '屈', '圪', '骥', '骷', '缉', '缚', '矍', '骸', '骏', '屌', '勘', '邓', '矽', '朕', '隋', '阙', '雌', '隧', '臂', '雏', '邵', '阈', '阐', '犟', '阉', '朴', '阀', '臊', '骄', '缥', '犄', '骂', '隙', '缨', '缠', '臼', '缅', '邹', '骜', '矗', '屡', '勃', '骐', '雍', '缤', '雹', '隼', '犒', '缜', '缭', '骶', '邋', '朽', '屹', '屎', '缶', '屐', '犊', '骼', '阔', '犸', '缔', '邃', '臾', '屉', '圄', '邂', '朲', '缱', '圃', '犁', '阱', '屑', '隽', '阑', '犀', '阎', '骆', '勉', '骝', '邢', '勺', '雇', '屿']",髦,髓,鬓,屡
126,阄,门,-2.5383074265151158,"('門', '门')","[6218, 226]",2,6218,13,28,"['阎', '阐', '阔', '阙', '阉', '阀', '阑', '阈', '阂']",9,"['闷', '闸', '闹', '闺', '闰', '闩', '闾', '闯', '闵']",9,"['阮', '阱']",2,"['犸', '缆', '邢', '邹', '朽', '缕', '缱', '髋', '缈', '臾', '朔', '邵', '髓', '隽', '骛', '骂', '犷', '髅', '缭', '臂', '朵', '缸', '隅', '矾', '雏', '臼', '臊', '骼', '缪', '骆', '骝', '勾', '雁', '缠', '邱', '屿', '缝', '邋', '骷', '隙', '屐', '骜', '髦', '矗', '隼', '骄', '骏', '犊', '屉', '邸', '邃', '勃', '隋', '缉', '骡', '朕', '髻', '缛', '缤', '屈', '邂', '朲', '缶', '屄', '圄', '缔', '雹', '臆', '犟', '骋', '髌', '邓', '隘', '屎', '缥', '缄', '缚', '矽', '屑', '骐', '隧', '臃', '雾', '矍', '缎', '雇', '圭', '勘', '屠', '犄', '犒']",阐,阮,闰,臊
127,骜,马,-1.3216308477941685,"('馬', '马')","[10151, 250]",2,10151,17,35,"['骄', '骆', '骂', '骁', '骥', '骐', '骡', '骏', '骝', '骋', '骛']",11,"['驳', '驽', '驮', '驯', '驴', '驹', '驼', '驸', '驷', '驭', '驿']",11,"['骸', '骶', '骷', '骼']",4,"['阈', '髻', '缸', '臾', '隅', '雏', '阙', '缶', '邋', '隋', '朴', '髑', '犊', '雍', '邸', '缕', '屌', '屹', '勃', '缥', '缚', '犒', '犁', '臊', '阎', '髋', '屿', '邵', '髌', '朵', '矗', '勘', '缭', '缈', '阀', '邓', '髅', '屈', '犀', '缮', '圪', '矍', '阔', '臂', '雳', '髓', '犟', '缝', '邂', '朕', '阂', '隙', '勋', '缀', '屉', '屐', '雇', '缰', '邢', '缱', '圄', '缎', '缛', '缤', '隼', '朔', '矽', '勉', '臆', '缔', '隽', '缉', '雾', '缅', '矾', '勾', '邱', '犷', '臼', '隘', '屎', '邹', '雹', '朦', '雌', '屄', '缢']",骝,骶,驸,隼
128,缛,纟,-1.7843867148986419,"('糸', '纟')","[11337, 249]",2,11337,25,111,"['缆', '缱', '缠', '缉', '缜', '缕', '缅', '缔', '缄', '缤', '缝', '缥', '缰', '缭', '缀', '缪', '缎', '缢', '缈', '缮', '缚', '缨']",22,"['纺', '绉', '绅', '绳', '纤', '绰', '绵', '绮', '绣', '绚', '绞', '绸', '绶', '绨', '纱', '绽', '纾', '绀', '绯', '绥', '绊', '纰', '绒', '绦', '绷', '绢', '绻', '纶', '纭', '纫', '绎', '绔', '纣', '绌']",34,"['缶', '缸']",2,"['朕', '骡', '隘', '髌', '朔', '髋', '犁', '骸', '屄', '阉', '阙', '矾', '邂', '邃', '雳', '屌', '犒', '臂', '朴', '雍', '阄', '犸', '阑', '圭', '阐', '骶', '髓', '髻', '屉', '阱', '屹', '雇', '骁', '勃', '髅', '勉', '矍', '勺', '阈', '犄', '圃', '勋', '矗', '臾', '隅', '阔', '骝', '骄', '隋', '圄', '阂', '骂', '邵', '雁', '雾', '勘', '臆', '骷', '犷', '骋', '臼', '隙', '骏', '骛', '邓', '勾', '屐', '骥', '邹', '屠', '屑', '朦', '阮', '矽', '臃', '朽', '邱', '朲']",缜,缶,绻,圃
129,骛,马,-0.5922164619815047,"('馬', '马')","[10151, 249]",2,10151,17,35,"['骄', '骆', '骂', '骁', '骥', '骐', '骡', '骏', '骝', '骋', '骜']",11,"['驳', '驽', '驮', '驯', '驴', '驹', '驼', '驸', '驷', '驭', '驿']",11,"['骸', '骶', '骷', '骼']",4,"['髻', '屹', '犷', '朽', '朲', '缤', '阀', '朦', '阎', '缭', '圃', '阙', '犄', '圭', '缄', '缎', '邂', '邓', '阱', '缶', '缱', '臊', '勋', '隅', '屌', '朵', '犟', '臂', '缔', '矾', '雏', '髅', '邸', '勘', '邢', '髦', '朔', '隙', '缅', '阉', '雾', '犁', '阑', '邱', '犀', '阈', '屠', '犸', '缢', '缪', '缨', '矽', '阄', '圄', '隽', '屈', '缮', '矍', '雇', '缕', '髓', '雁', '雳', '屡', '勉', '雍', '缈', '缝', '缚', '缰', '矗', '邃', '圪', '髑', '缜', '屑', '阔', '隘', '屄', '邋', '屉', '髋', '阮', '勺', '缆', '隧', '缛']",骐,骶,驸,缮
